name,ra,dec,time,fluence
GRB 960723B,,,50287.29706,
GRB 960801A,,,50296.47858,
GRB 960805B,,,50300.91385,
GRB 960811,,,50306.08816,
GRB 960813,,,50308.45537,
GRB 960818,,,50313.983,
GRB 960824,,,50319.07181,
GRB 960825,,,50320.01601,
GRB 960916A,,,50342.16051,
GRB 960916B,,,50342.16412,
GRB 960922A,,,50348.21258,
GRB 960922B,,,50348.22299,
GRB 961101,,,50388.67203,
GRB 961116,,,50403.85635,
GRB 961122,,,50409.91046,
GRB 961202,,,50419.98709,
GRB 961223,,,50440.43714,
GRB 970117A,,,50465.60271,
GRB 970124,,,50472.51328,
GRB 970315B,,,50522.92314,
GRB 970404,,,50542.50009,
GRB 970405B,,,50543.20488,
GRB 970417A,,,50555.01603,
GRB 970501,,,50569.89648,
GRB 970515,,,50583.03867,
GRB 970527,,,50595.17653,
GRB 970531,,,50599.74368,
GRB 970601,,,50600.80502,
GRB 970604,,,50603.82576,
GRB 970608,,,50607.56751,
GRB 970617B,,,50616.88966,
GRB 970619,,,50618.64918,
GRB 970624A,,,50623.23964,
GRB 970624B,,,50623.2709,
GRB 970625A,,,50624.2741,
GRB 970625B,,,50624.5091,
GRB 970626,,,50625.07225,
GRB 970627B,,,50626.92141,
GRB 970628A,,,50627.14433,
GRB 970703,,,50632.91613,
GRB 970705,,,50634.21693,
GRB 970706,,,50635.90274,
GRB 970715,,,50644.59804,
GRB 970716,,,50645.69995,
GRB 970718,,,50647.67927,
GRB 970819,,,50679.18126,
GRB 970824B,,,50684.77412,
GRB 970922A,,,50713.03353,
GRB 971023A,,,50744.23853,
GRB 971027C,,,50748.55711,
GRB 971123,,,50775.27446,
GRB 971214A,,,50796.11007,
GRB 971216,,,50798.63456,
GRB 971219B,,,50801.92563,
GRB 971230,,,50812.96929,
GRB 980102,,,50815.81377,
GRB 980112A,,,50825.05821,
GRB 980203A,,,50847.59799,
GRB 980306A,,,50878.1955,
GRB 980308,,,50880.60056,
GRB 980310B,,,50882.66027,
GRB 980315C,,,50887.94624,
GRB 980324B,,,50896.57421,
GRB 980325,,,50897.66488,
GRB 980406A,,,50909.67561,
GRB 980413,,,50916.28427,
GRB 980428,,,50931.84037,
GRB 980518B,,,50951.93274,
GRB 980519A,,,50952.15523,
GRB 980520A,,,50953.07419,
GRB 980523,,,50956.09968,
GRB 980531,,,50964.32132,
GRB 980603,,,50967.21183,
GRB 980610,,,50974.8281,
GRB 980619,,,50983.55014,
GRB 980623,,,50987.00354,
GRB 980624,,,50988.67214,
GRB 980625,,,50989.57477,
GRB 980626A,,,50990.59826,
GRB 980709B,,,51003.23619,
GRB 980712C,,,51006.64,
GRB 980722,,,51016.20259,
GRB 980726,,,51020.69778,
GRB 980827A,,,51052.14826,
GRB 980827B,,,51052.46486,
GRB 980827C,,,51052.84057,
GRB 980829B,,,51054.39104,
GRB 980912,,,51068.63587,
GRB 980914,,,51070.90704,
GRB 981009,,,51095.23995,
GRB 981113,,,51130.52703,
GRB 981122,,,51139.63115,
GRB 981203C,,,51150.97495,
GRB 981215A,,,51162.53034,
GRB 981219A,,,51166.75341,
GRB 981222A,,,51169.73756,
GRB 981222B,,,51169.96348,
GRB 981230,,,51177.29894,
GRB 990103,,,51181.20771,
GRB 990117A,,,51195.93215,
GRB 990118A,,,51196.13382,
GRB 990218,,,51227.61653,
GRB 990301,,,51238.25354,
GRB 990311A,,,51248.78958,
GRB 990318B,,,51255.40262,
GRB 990412,,,51280.07539,
GRB 990502,,,51300.3859,
GRB 990504B,,,51302.78225,
GRB 990513A,,,51311.7961,
GRB 990527,,,51325.76559,
GRB 990605,,,51334.91571,
GRB 990610,,,51339.0438,
GRB 990704B,,,51363.82777,
GRB 990720C,,,51379.6547,
GRB 990731,,,51390.54113,
GRB 990806A,,,51396.01821,
GRB 990810,,,51400.82262,
GRB 990811,,,51401.75652,
GRB 990821A,,,51411.25519,
GRB 990824A,,,51414.39145,
GRB 990824B,,,51414.55127,
GRB 990913B,,,51434.78434,
GRB 990915A,,,51436.44372,
GRB 990924,,,51445.8703,
GRB 991007,,,51458.27376,
GRB 991013A,,,51464.32892,
GRB 991026A,,,51477.18979,
GRB 991122A,,,51504.00447,
GRB 991124B,,,51506.39664,
GRB 991209A,,,51521.64405,
GRB 991216A,,,51528.03358,
GRB 991221,,,51533.44208,
GRB 991226A,,,51538.62506,
GRB 000107A,,,51550.76846,
GRB 000119A,,,51562.46729,
GRB 000209,,,51583.33669,
GRB 000218A,,,51592.66748,
GRB 000218B,,,51592.67992,
GRB 000223,,,51597.96784,
GRB 000317,,,51620.33573,
GRB 000328,,,51631.06608,
GRB 000410,,,51644.30541,
GRB 000411,,,51645.09308,
GRB 000503,,,51667.95122,
GRB 000517B,,,51681.41809,
GRB 000523,,,51687.79277,
GRB 000612,,,51707.95464,
GRB 000614,,,51709.35696,
GRB 000701A,,,51726.01338,
GRB 000701B,,,51726.30046,
GRB 000713,,,51738.22823,
GRB 000718A,,,51743.52074,
GRB 000721,,,51746.85891,
GRB 000805,,,51761.50444,
GRB 000808,,,51764.77571,
GRB 000818,,,51774.83965,
GRB 000823,,,51779.30731,
GRB 000827,,,51783.16036,
GRB 000830A,,,51786.21475,
GRB 000903B,,,51790.56185,
GRB 000917A,,,51804.38199,
GRB 000917B,,,51804.72487,
GRB 001009,,,51826.6056,
GRB 001011B,,,51828.54123,
GRB 001012,,,51829.59414,
GRB 001015A,,,51832.10708,
GRB 001015B,,,51832.73,
GRB 001020,,,51837.72071,
GRB 001105,,,51853.40904,
GRB 001107,,,51855.09524,
GRB 001117,,,51865.76333,
GRB 001121,,,51869.87321,
GRB 001123,,,51871.5811,
GRB 001201B,,,51879.69352,
GRB 001206B,,,51884.60553,
GRB 001213,,,51891.96325,
GRB 001214B,,,51892.87714,
GRB 001219B,,,51897.71532,
GRB 001228,,,51906.50225,
GRB 010104A,,,51913.00061,
GRB 010126A,,,51935.14096,
GRB 010127,,,51936.35368,
GRB 010208A,,,51948.04264,
GRB 010209B,,,51949.31172,
GRB 010212A,,,51952.21517,
GRB 010217,,,51957.10257,
GRB 010313,,,51981.96888,
GRB 010327,,,51995.24917,
GRB 010405,,,52004.81274,
GRB 010407B,,,52006.46601,
GRB 010408A,,,52007.02481,
GRB 010408B,,,52007.2815,
GRB 010410,,,52009.41836,
GRB 010415A,,,52014.0024,
GRB 010427D,,,52026.78073,
GRB 010428,,,52027.56226,
GRB 010429,,,52028.93244,
GRB 010507A,,,52036.10031,
GRB 010515B,,,52044.75315,
GRB 010517,,,52046.99413,
GRB 010521,,,52050.27836,
GRB 010607,,,52067.37394,
GRB 010610,,,52070.48559,
GRB 010611B,,,52071.92091,
GRB 010618A,,,52078.53645,
GRB 010619B,,,52079.63682,
GRB 010625,,,52085.05271,
GRB 010703,,,52093.85473,
GRB 010710A,,,52100.61699,
GRB 010711,,,52101.11377,
GRB 010714,,,52104.55451,
GRB 010715,,,52105.84978,
GRB 010718,,,52108.34473,
GRB 010727B,,,52117.08299,
GRB 010801,,,52122.77122,
GRB 010804,,,52125.84257,
GRB 010806,,,52127.82488,
GRB 010813,,,52134.40551,
GRB 010827,,,52148.53902,
GRB 010922,,,52174.73394,
GRB 010929,,,52181.04177,
GRB 011003,,,52185.1487,
GRB 011111,,,52224.7667,
GRB 011115,,,52228.84464,
GRB 011122,,,52235.86913,
GRB 011128,,,52241.72108,
GRB 011214,,,52257.82527,
GRB 011228,,,52271.9717,
GRB 011229,,,52272.16001,
GRB 020112,,,52286.78611,
GRB 020113B,,,52287.46023,
GRB 020115,,,52289.93708,
GRB 020119A,,,52293.00691,
GRB 020208,,,52313.59319,
GRB 020212A,,,52317.94808,
GRB 020304,,,52337.04336,
GRB 020306,,,52339.79031,
GRB 020315,,,52348.6547,
GRB 020317,,,52350.06272,
GRB 020323,,,52356.84642,
GRB 020329,,,52362.85959,
GRB 020402,,,52366.32957,
GRB 020419A,,,52383.76714,
GRB 020419B,,,52383.93459,
GRB 020422,,,52386.31372,
GRB 010414,218,-88,52013.99132,0.00000129
GRB 020321,242.76,-83.7,52354.18105,0.00000298
GRB 990411,329.84,-83.44,51279.1844,0.00000342
GRB 010624,38,-83,52084.56632,0.00000064
GRB 000915,244,-81,51802.16549,0.00000052
GRB 020414,240,-81,52378.07458,0.00000035
GRB 990510,204.53,-80.5,51308.36747,0.00001641
GRB 020401,339,-80,52365.70524,
GRB 980518A,306.1,-79,50951.78111,0.00000026
GRB 001022B,275,-79,51839.21867,0.00000123
GRB 000108,236.35,-78.82,51551.70008,0.00000117
GRB 990627B,27.1,-77.08,51356.20895,0.00000198
GRB 011121,173.63,-76.03,52234.78273,0.0000983
GRB 990627A,359,-76,51356.16696,0.00000307
GRB 001118B,171,-76,51866.86361,0.0000031
GRB 980208B,60.97,-75.49,50852.53542,
GRB 980103A,236.69,-75.04,50816.44355,0.0000022
GRB 990513B,339.45,-75.01,51311.82517,0.00000053
GRB 010825,267,-75,52146.75205,0.00000234
GRB 990908,103.23,-74.98,51429.01292,0.00000204
GRB 970117B,101,-74,50465.61587,0.0000271
GRB 001212A,7,-74,51890.3984,0.00000798
GRB 990712B,337.96,-73.4,51371.69655,0.0000054
GRB 980626B,17.65,-72.98,50990.94429,0.0000028
GRB 991005,48.38,-72.6,51456.14574,0.00000062
GRB 990705,77.38,-72.15,51364.66765,0.0000694
GRB 990130,19,-71,51208.56044,0.00000337
GRB 991116,267,-71,51498.60492,0.0000386
GRB 010501,286.71,-70.18,52030.27601,0.00000198
GRB 000407,157.98,-70.06,51641.12961,0.00000074
GRB 970221B,342.8,-69.7,50500.42949,0.00000197
GRB 990907,112.7,-69.4,51428.73277,0.00000841
GRB 970402,222.57,-69.32,50540.92958,0.00000723
GRB 991026B,51,-69,51477.54325,0.0000039
GRB 010514,55,-69,52043.69605,0.00000028
GRB 971229,340.29,-68.34,50811.4247,0.00000096
GRB 990322,12.49,-68.32,51259.1694,0.0000029
GRB 990806B,47.65,-68.12,51396.60286,0.00000191
GRB 970326A,359.28,-67.63,50533.34459,0.00000036
GRB 980515,319.52,-67.23,50948.70856,0.00000283
GRB 960916C,285,-67,50342.35499,0.00000107
GRB 010330,35,-67,51998.60304,0.00000059
GRB 990829B,250.6,-66.8,51419.54821,
GRB 991105C,180.75,-66.8,51487.69498,0.00000279
GRB 000214A,283.57,-66.45,51588.04236,0.00001087
GRB 971009B,273.51,-66.24,50730.78953,0.00000124
GRB 000104A,145.17,-66.12,51547.06162,0.00000624
GRB 990814A,154.78,-66.08,51404.3869,0.00000054
GRB 990618B,169.7,-65.5,51347.43579,0.00000221
GRB 971022B,54,-65,50743.81971,0.00000088
GRB 991119,311,-65,51501.60689,0.00000049
GRB 000114,214,-65,51557.37259,0.00000088
GRB 001201A,101,-65,51879.54787,0.00000054
GRB 980129,287.43,-64.92,50842.6387,0.00000228
GRB 961224B,182.84,-64.64,50441.73736,0.00000047
GRB 971022A,11,-64,50743.49813,0.00000898
GRB 010114,158,-64,51923.15546,0.00000285
GRB 010226A,242,-64,51966.80223,0.00000709
GRB 010619A,123,-64,52079.12391,0.0000193
GRB 011001,187,-64,52183.93861,0.00000366
GRB 971013,221.75,-63.87,50734.99802,0.00000107
GRB 990604A,69.81,-63.61,51333.69554,0.00000112
GRB 000502C,171.8,-63.5,51666.62568,0.00000089
GRB 980329B,172.3,-63.2,50901.64221,0.00000089
GRB 970419,240.42,-63.04,50557.25853,0.0000016
GRB 980109,6.48,-63.02,50822.0503,0.00000285
GRB 000420C,313.81,-63.01,51654.75046,
GRB 990315,5.71,-63,51252.69132,0.00000126
GRB 980124B,192.2,-62.7,50837.87337,
GRB 980401C,198.55,-62.39,50904.53222,0.00000359
GRB 981111,173,-62,51128.47883,0.0000392
GRB 000529B,2.28,-61.53,51693.36333,0.00000348
GRB 990618A,214.66,-61.31,51347.16275,0.00000357
GRB 990123B,320.61,-60.81,51201.55535,0.00000028
GRB 980310A,242.41,-60.47,50882.58172,0.00000119
GRB 990713A,186,-60,51372.40834,0.00000152
GRB 010308,37,-60,51976.65205,0.00000355
GRB 000412,201.37,-59.78,51646.48811,0.00000044
GRB 971011,206.08,-59.72,50732.49367,0.00000058
GRB 000620A,276,-59,51715.03795,0.00000167
GRB 010203,118,-59,51943.19266,
GRB 970903,237.75,-58.44,50694.72579,0.00000165
GRB 990504A,248.9,-58.3,51302.47375,0.0000012
GRB 010518A,161.68,-57.78,52047.27997,0.00000186
GRB 001004,240.09,-56.81,51821.61905,0.0000433
GRB 980306C,341.63,-56.74,50878.73207,0.00001766
GRB 991120,51.19,-56.61,51502.24086,0.00000546
GRB 960730,277.94,-56.54,50294.81612,0.00000391
GRB 971005,331.17,-56.25,50726.05273,0.00000055
GRB 980406B,31,-56,50909.71811,0.00000078
GRB 980728,88,-56,51022.36707,0.00001135
GRB 020309,351,-56,52342.29034,0.00001094
GRB 991108,3.64,-54.89,51490.282,0.00000773
GRB 980513,127.62,-54.84,50946.90375,0.00000052
GRB 960703C,330.4,-54.79,50267.75742,0.00000091
GRB 970302A,7.93,-54.54,50509.53904,0.0000042
GRB 980908,183.7,-54.3,51064.02884,0.00000102
GRB 980829A,240,-54.2,51054.2228,0.00000044
GRB 970924,95,-54,50715.11037,0.00000496
GRB 971020,149,-54,50741.16931,0.00000017
GRB 001216,71,-54,51894.59262,0.00000036
GRB 980904B,125.99,-53.71,51060.36285,0.00000036
GRB 970108,1.23,-53.61,50456.71807,0.000002
GRB 961228,160.28,-53.6,50445.02081,0.00001185
GRB 990217,45.51,-53.1,51226.22461,
GRB 990707A,102.7,-53,51366.63427,0.0000059
GRB 971014,284.81,-52.84,50735.22532,0.00000017
GRB 980425B,293.73,-52.82,50928.90912,0.00000304
GRB 971210,176.91,-51.95,50792.32192,0.00000468
GRB 970827B,134.65,-51.64,50687.41382,0.00001125
GRB 971027B,309,-51,50748.36973,0.00000083
GRB 000723,20,-51,51748.44451,0.000001
GRB 010518B,138,-51,52047.35038,0.00000073
GRB 020209,205,-51,52314.32635,0.00000144
GRB 001011C,275.77,-50.9,51828.66306,0.0000185
GRB 971114,57,-50,50766.51463,0.00001401
GRB 010109,323.26,-49.52,51918.10979,0.0000396
GRB 980830,92,-49,51055.61251,0.00000023
GRB 990122,63,-49,51200.34505,0.00000462
GRB 990319,138,-49,51256.52958,0.00000442
GRB 000214B,319,-49,51588.2391,0.00000021
GRB 000830B,141,-49,51786.48551,0.00000271
GRB 001206C,209,-49,51884.8956,0.00000555
GRB 020418,120.08,-48.65,52382.3601,
GRB 990506B,196,-48,51304.81078,0.00000117
GRB 970825A,29.2,-47.8,50685.4703,0.0000032
GRB 980712B,292.6,-47.67,51006.25278,0.00000143
GRB 991030,123,-47.52,51481.07363,0.00000327
GRB 970831,85.75,-47.33,50691.73589,0.0000333
GRB 990328,150.08,-47.17,51265.14188,0.0000031
GRB 990611B,343.2,-47.09,51340.49794,0.00000406
GRB 961125B,326,-47,50412.32483,0.00000447
GRB 000425,315,-47,51659.22605,0.0000034
GRB 970104,107,-46,50452.14324,0.00000031
GRB 981002,199.5,-45.9,51088.06326,0.00000472
GRB 980802A,178.62,-45.54,51027.18813,0.00000026
GRB 980306B,7.05,-45.51,50878.39794,
GRB 970910,316.64,-45.44,50701.05109,0.00000132
GRB 970122,261,-45,50470.48709,0.00000605
GRB 971219A,240,-45,50801.44534,0.00000033
GRB 010121,141,-45,51930.72819,0.00000113
GRB 971212,306.69,-44.95,50794.92891,
GRB 961208B,61.4,-44.9,50425.78973,0.00000054
GRB 981110,168.94,-44.6,51127.95322,0.00000113
GRB 960929,110,-44,50355.27525,0.00000165
GRB 000801,53,-44,51757.0494,0.00000051
GRB 001013,203,-44,51830.75947,0.0000275
GRB 020417,349,-44,52381.23353,0.00001896
GRB 991205C,337.6,-43.7,51517.95672,0.00000559
GRB 990516B,266,-43.06,51314.97519,0.00000086
GRB 971223C,312,-43,50805.44191,0.00001742
GRB 010212C,77,-43,51952.99807,0.00000052
GRB 980223,305.3,-42.6,50867.88706,0.00000089
GRB 970307,349,-42,50514.81188,0.00001103
GRB 001214A,192,-42,51892.24939,0.00000121
GRB 990128,304.9,-41.9,51206.43116,0.0000213
GRB 991002A,292.8,-41.7,51453.17405,0.00000162
GRB 980903,139.91,-41.54,51059.14934,0.00000014
GRB 970923,29,-41,50714.48565,0.00000395
GRB 990720B,189,-41,51379.35406,0.00000731
GRB 000127,273,-41,51570.14747,0.00000027
GRB 000502B,252,-41,51666.55457,0.00000173
GRB 000210,29.81,-40.67,51584.36395,0.000048
GRB 990216B,274.94,-40.34,51225.27111,0.0000121
GRB 970623,279.5,-40.19,50622.22456,
GRB 970326B,94,-40,50533.75228,0.0000007
GRB 020102A,11,-40,52276.87348,0.00000106
GRB 990208B,296.1,-39.4,51217.17551,0.00000168
GRB 000924,48,-39,51811.69487,0.0000023
GRB 001226B,350,-39,51904.84356,0.00000336
GRB 010522,257,-39,52051.86931,0.00000283
GRB 020327A,152,-39,52360.0689,0.00000154
GRB 990720A,160.8,-38.9,51379.00031,0.00000329
GRB 961022,159.63,-38.76,50378.79242,0.00000554
GRB 990518B,343.33,-38.68,51316.72112,0.000101
GRB 971220,33.23,-38.55,50802.17123,0.00000653
GRB 010326,132.96,-38.3,51994.13537,0.00001086
GRB 990822,111.57,-38.07,51412.50249,0.00000506
GRB 990407,346,-38,51275.58003,0.00000414
GRB 980205,146.4,-37.4,50849.22898,0.00000147
GRB 971102B,280,-37,50754.07623,0.00000107
GRB 980706D,308,-37,51000.90322,0.0000358
GRB 981019,318.7,-36.7,51105.92135,0.00000178
GRB 990603B,55.1,-36.3,51332.77183,0.00000032
GRB 000511A,331.24,-36.11,51675.0501,
GRB 970517C,119,-36,50585.53666,0.00000036
GRB 001206A,49,-36,51884.40071,0.0000067
GRB 010427C,98,-36,52026.55145,0.00000144
GRB 961004,80.6,-35.55,50360.79068,0.00000032
GRB 991205B,21,-35,51517.93391,0.00000107
GRB 960810A,185.29,-34.6,50305.2844,0.00000165
GRB 980904A,58,-34,51060.27969,0.00000019
GRB 000528,161.35,-34,51692.36556,0.0000165
GRB 011231,178,-34,52274.14916,0.00000049
GRB 960917,313.87,-33.89,50343.93233,0.00000594
GRB 961208A,316,-33,50425.2252,0.0000074
GRB 001226A,269,-33,51904.39218,0.00000122
GRB 010504,16,-33,52033.11373,0.0000193
GRB 980923,235.3,-32.7,51079.34928,0.00000158
GRB 980815,210.94,-32.22,51040.89023,0.00000518
GRB 980208A,75.99,-32.2,50852.52318,0.00000252
GRB 980802B,252.64,-32.16,51027.33419,0.00000278
GRB 010612A,270.82,-32.13,52072.1064,0.00000601
GRB 980615A,242,-32,50979.1161,0.00000016
GRB 990601,105,-32,51330.62608,0.00000058
GRB 000507,232,-32,51671.5478,
GRB 980709A,12.6,-31.9,51003.19644,0.00000264
GRB 020405,209.54,-31.39,52369.02887,0.0000422
GRB 980724,127.75,-31.32,51018.51965,0.00000022
GRB 970709,315.91,-31.3,50638.56331,
GRB 990625,6.64,-31.2,51354.01706,0.0000007
GRB 971009A,255.96,-31.06,50730.34306,0.00000126
GRB 981219B,233,-31,51166.80943,0.00000065
GRB 990312A,303,-31,51249.203,0.00000088
GRB 000704,115,-31,51729.12469,0.00000297
GRB 010611A,349,-31,52071.31829,0.00000062
GRB 011212,170,-31,52255.06661,0.00000157
GRB 970406C,287.6,-30.3,50544.29509,0.00000156
GRB 010415B,200,-30,52014.7998,
GRB 010612B,328,-30,52072.40973,0.00000062
GRB 990622B,79.43,-29.73,51351.86602,0.00000407
GRB 980426,206.73,-29.7,50929.4509,0.00000201
GRB 000107C,285.76,-29.15,51550.90594,0.00000673
GRB 971228A,138,-29,50810.28866,0.00000132
GRB 980127,36,-29,50840.04088,0.00000859
GRB 010307,159,-29,51975.68589,0.00000164
GRB 010930,272,-29,52182.56947,0.00000064
GRB 961006,274.65,-28.88,50362.37231,0.00000142
GRB 960921,345.27,-28.55,50347.62765,0.0000257
GRB 000109,248.88,-28.53,51552.43569,0.0000898
GRB 980713,119.7,-28.2,51007.15398,0.00000055
GRB 980720,36,-28,51014.92786,0.00000066
GRB 000224,298.8,-27.4,51598.95149,0.00000027
GRB 990713B,310.46,-27.28,51372.90163,0.00000731
GRB 981203B,293.34,-27.24,51150.30418,0.00001476
GRB 010126C,349,-27,51935.85196,0.00000191
GRB 990506A,178.67,-26.75,51304.47466,0.0001073
GRB 970325,266,-26,50532.52693,0.00000451
GRB 971223B,75,-26,50805.39931,0.00000099
GRB 990630,115,-26,51359.65229,0.00000416
GRB 000626,90,-26,51721.86631,0.00000058
GRB 010727C,276,-26,52117.52074,0.00000159
GRB 991022,1,-24.66,51473.77262,0.00000308
GRB 970406B,50.81,-24.64,50544.26358,0.00000326
GRB 981226B,267.15,-24.4,51173.44934,0.00000196
GRB 990126,321.14,-24.3,51204.60003,0.00000175
GRB 980520B,349.8,-24.1,50953.60205,0.0000044
GRB 970628B,45.92,-24.02,50627.86573,
GRB 980330,224.92,-24.01,50902.00106,0.0000018
GRB 990111A,272,-24,51189.38007,0.00000151
GRB 000828B,155,-24,51784.95988,0.00000026
GRB 980805,115.32,-23.93,51030.56733,0.00000522
GRB 981226A,352.42,-23.92,51173.40801,0.00000058
GRB 970827A,287.6,-23.8,50687.29978,
GRB 960913,182.58,-23.45,50339.96204,0.00000743
GRB 970317A,339.71,-23.15,50524.02039,0.00000344
GRB 970504,95,-23,50572.34265,0.00000034
GRB 000903D,11,-23,51790.9828,0.00000315
GRB 980929,166.25,-22.99,51085.91086,0.00000096
GRB 000208A,28.9,-22.84,51582.18138,0.00000043
GRB 991011A,159.81,-22.28,51462.06303,0.00000136
GRB 011211,168.81,-21.94,52254.79816,0.00000135
GRB 970101,329.96,-21.92,50449.26516,0.00000195
GRB 980427,225.17,-21.89,50930.65313,0.00000026
GRB 980910A,195.07,-21.15,51066.70676,0.00000016
GRB 961011,210,-21,50367.81406,0.00000148
GRB 980121,293,-21,50834.94633,0.00000082
GRB 980606,71,-21,50970.37656,0.00000029
GRB 990131,303,-21,51209.81021,0.00000766
GRB 990711A,313,-21,51370.30627,0.00000153
GRB 000820,196,-21,51776.69844,0.00000342
GRB 980715,313.7,-20.7,51009.40839,0.00000156
GRB 000107B,119,-20,51550.85832,0.0000013
GRB 970930,40.4,-19.9,50721.65459,0.00000121
GRB 990403B,355.3,-19.4,51271.69106,
GRB 970330A,347.74,-19.12,50537.37424,0.00000569
GRB 990403A,301.41,-19.02,51271.09907,0.00000695
GRB 980820,84,-19,51045.97589,0.00000326
GRB 990603A,220,-19,51332.55471,0.00000072
GRB 020102B,84,-19,52276.88058,0.00000766
GRB 980326,129.11,-18.88,50898.88811,0.00000509
GRB 990225,232.94,-18.73,51234.81861,0.00000015
GRB 010629A,248.16,-18.72,52089.51465,0.00000249
GRB 991011C,203.42,-17.87,51462.57137,0.00000047
GRB 000615B,35.61,-17.87,51710.68929,0.00000762
GRB 980525,157.61,-17.86,50958.10789,0.00000107
GRB 980203B,3.46,-17.65,50847.9494,0.0001045
GRB 970424B,198.04,-17.53,50562.4233,0.0000059
GRB 970907,175.47,-17.34,50698.27039,0.00000115
GRB 971007,221.72,-17.07,50728.6639,0.00000216
GRB 001215B,298,-17,51893.60734,0.00000237
GRB 010211,335,-17,51951.94,0.00000239
GRB 990330A,35.61,-16.48,51267.75769,0.00000031
GRB 970704,74.82,-16,50633.04742,
GRB 990405,166,-16,51273.13078,0.00000539
GRB 990603C,48,-16,51332.78354,0.0000056
GRB 000208B,82,-16,51582.38343,0.00000422
GRB 011217,220,-16,52260.48828,
GRB 970420,212.99,-15.91,50558.84309,0.0000431
GRB 000115,116.55,-15.79,51558.61773,0.0000278
GRB 970517B,112.11,-15.41,50585.37828,0.00001241
GRB 990706,314.79,-15.04,51365.60235,0.0000015
GRB 981216B,277,-15,51163.75038,0.00000172
GRB 001106,190,-15,51854.72069,0.00000036
GRB 990917B,85.9,-14.9,51438.60764,0.00000024
GRB 000516,35.07,-14.83,51680.39311,0.00000407
GRB 000420B,129.26,-14.59,51654.59874,0.0000154
GRB 960707B,162.39,-14.34,50271.68502,0.00000525
GRB 000819,177,-14,51775.34416,0.00000095
GRB 010321,204,-14,51989.50575,0.0000013
GRB 970603A,105.25,-13.85,50602.40912,0.00000675
GRB 990717,104,-13,51376.71684,0.00000651
GRB 990314,184.01,-12.86,51251.83696,0.00000152
GRB 961222,302.9,-12.1,50439.50009,0.00000184
GRB 971208A,50,-12,50790.19944,0.00000936
GRB 000119B,203,-12,51562.5483,0.0000067
GRB 010820,180,-12,52141.85848,0.00000197
GRB 970415,42.53,-11.76,50553.65765,0.00000031
GRB 981018,109.4,-11.5,51104.01899,0.0000048
GRB 980520C,353.71,-11.32,50953.80021,0.00000311
GRB 970116,123.45,-11.15,50464.48705,0.0000167
GRB 960810B,102,-11,50305.28907,
GRB 991205A,248,-11,51517.71083,0.00000173
GRB 010411B,218,-11,52010.67091,0.00000617
GRB 980916,57.3,-10.4,51072.84866,0.00000076
GRB 990730B,53.03,-10.29,51389.86346,
GRB 970825B,89.26,-10.18,50685.91867,0.0000021
GRB 970222,308,-10,50501.99546,0.00000363
GRB 970506,30,-10,50574.65402,0.00000127
GRB 980226,243,-10,50870.4784,0.00000212
GRB 980907,78.1,-10,51063.46744,0.00000209
GRB 000226,327,-10,51600.53551,0.0000961
GRB 990725,15.5,-9.9,51384.47472,0.00000081
GRB 960703A,142,-9,50267.31931,0.00000234
GRB 000506,258,-9,51670.42826,0.00000298
GRB 011126,45,-9,52239.41947,0.0000013
GRB 020308,6,-9,52341.25485,0.00000379
GRB 000511B,295.58,-8.7,51675.75206,0.00000131
GRB 970427,181.35,-8.37,50565.52914,0.00000045
GRB 991105A,259,-8,51487.34186,0.00000196
GRB 011222,129,-8,52265.44101,0.00000069
GRB 010728,175.03,-7.95,52118.80882,0.00000124
GRB 960909,25.88,-7.8,50335.8616,0.00000077
GRB 960703B,4.62,-7.75,50267.57146,0.00001111
GRB 990120,10.2,-7.58,51198.39838,0.00000265
GRB 980917,162.5,-7.5,51073.40844,0.00000619
GRB 000227,43.33,-7.49,51601.90002,0.00001221
GRB 970616,20.44,-7.12,50615.7574,0.0000265
GRB 020413,14.91,-7.11,52377.68072,0.00001118
GRB 001115,34,-7,51863.58797,0.00001054
GRB 010515A,22,-7,52044.09759,0.00000267
GRB 020320,43,-7,52353.24641,
GRB 981101,170.3,-6.6,51118.22191,0.00000045
GRB 991004A,251.9,-6.4,51455.26494,0.00000104
GRB 980920B,199.18,-6.27,51076.55475,0.00000039
GRB 981030,4,-6,51116.05558,0.00000124
GRB 990727,271.7,-6,51386.5589,0.00000634
GRB 000301C,215,-6,51604.52853,0.00000835
GRB 000903C,134,-6,51790.64748,0.00000209
GRB 001110,196,-6,51858.51214,0.00001157
GRB 971206B,161.05,-5.78,50788.80611,0.00000441
GRB 981022C,111.9,-5.03,51108.96421,0.00000026
GRB 010317,33,-5,51985.26953,0.0000136
GRB 011104,190,-5,52217.41809,0.00000393
GRB 971028,213.9,-4.9,50749.86951,0.00000131
GRB 970919B,140.39,-4.74,50710.76,0.000011
GRB 971207A,133.74,-4.59,50789.83613,0.00000512
GRB 000429,98.34,-4.42,51663.42178,0.0000218
GRB 980808A,123.12,-4.11,51033.32686,0.000015
GRB 980516,89,-4,50949.47473,0.0004466
GRB 001204A,77,-4,51882.09973,0.00000074
GRB 010430,8,-4,52029.96076,
GRB 010723,266,-4,52113.70133,0.00000208
GRB 980617,55.95,-3.82,50981.11935,0.0000186
GRB 990704A,184.79,-3.8,51363.7294,0.000001
GRB 991018,224.03,-3.68,51469.79354,0.0000067
GRB 990516C,253.55,-3.64,51314.9961,0.00000527
GRB 980401B,35.44,-3.51,50904.38266,0.00000116
GRB 990711B,288.7,-3.5,51370.56841,0.00000046
GRB 970611,78.37,-3.31,50610.34826,
GRB 970303,130,-3,50510.02567,0.00000017
GRB 990620,133,-3,51349.94875,0.0000226
GRB 000621,247,-3,51716.08392,0.0000162
GRB 000718B,111,-3,51743.86608,0.0000688
GRB 010420,159,-3,52019.94301,0.000002
GRB 960806,182.93,-2.19,50301.93653,0.00001504
GRB 990624,82,-2,51353.88444,0.00000147
GRB 001118A,42,-2,51866.34704,0.00000562
GRB 010309,19,-2,51977.52351,0.0000007
GRB 010411A,13,-2,52010.54862,0.00000037
GRB 010818A,328,-2,52139.57859,0.0000108
GRB 010818B,167,-2,52139.87338,0.0000006
GRB 970311A,20.7,-1.9,50518.35031,0.0000036
GRB 980808B,155.8,-1.9,51033.91201,0.000003
GRB 990202A,315.85,-1.78,51211.14968,0.00000029
GRB 000310,5.4,-1.46,51613.63003,0.0000009
GRB 970131A,289,-1,50479.90323,0.00000291
GRB 990615,342,-1,51344.19905,0.0000013
GRB 990923,334,-1,51444.67767,0.00000166
GRB 010418,342,-1,52017.3417,0.0000218
GRB 010510,47,-1,52039.0297,0.00000106
GRB 980627A,159.71,-0.23,50991.18089,0.00000059
GRB 980118,96,0,50831.49569,0.00000071
GRB 000301B,239,0,51604.51926,0.00000192
GRB 010505B,192,0,52034.49016,0.00000024
GRB 000225,110.56,0.53,51599.06632,0.00000213
GRB 971206C,56,1,50788.91509,0.00000049
GRB 981126B,57,1,51143.80093,0.00000279
GRB 000519,346.16,1.17,51683.34597,0.00000254
GRB 990104B,129.96,1.19,51182.66829,0.0002077
GRB 990718,286.92,1.33,51377.50478,0.0000191
GRB 980103B,133.85,1.48,50816.66751,0.00000232
GRB 990318A,244.9,1.65,51255.1353,0.00000199
GRB 980511,66.99,1.94,50944.08016,0.00000065
GRB 990918,262.08,1.97,51439.23142,0.00000181
GRB 980416,182,2,50919.59209,0.00000224
GRB 001215A,40,2,51893.20596,0.00000213
GRB 010220A,315,2,51960.80618,
GRB 990719,32.9,2.1,51378.91917,0.00000092
GRB 971103,3.5,2.2,50755.31362,0.00000182
GRB 970407,174.28,2.66,50545.49715,0.0000009
GRB 990102B,203.48,2.74,51180.57777,0.0000059
GRB 970128,28,3,50476.98274,0.00000313
GRB 971118,36,3,50770.86332,0.0000013
GRB 010301,173,3,51969.24221,0.00000062
GRB 010602,84,3,52062.49801,0.00000027
GRB 990603D,263.76,3.07,51332.80486,0.00000031
GRB 980811,266.8,3.51,51036.28133,0.00000375
GRB 981221A,283.68,3.61,51168.10483,0.00000084
GRB 991002B,25.16,3.75,51453.95073,0.0000006
GRB 980106,286,4,50819.60527,0.00000103
GRB 990216A,316,4,51225.07785,0.00000931
GRB 991209B,359,4,51521.79969,0.00000036
GRB 020119B,125,4,52293.18553,0.0000173
GRB 971206A,117.84,4.13,50788.53506,0.00000341
GRB 990105,306.61,4.33,51183.36793,0.00000117
GRB 991101,25,5,51483.1572,0.00000189
GRB 000904,12,5,51791.55465,0.00000665
GRB 980922,258.95,5.07,51078.23769,0.00000252
GRB 980424,93.33,5.18,50927.06398,0.00000359
GRB 990525,268.64,5.9,51323.01613,0.00000234
GRB 970313,179,6,50520.40692,0.00001058
GRB 971019,153,6,50740.62214,0.00001113
GRB 000623,296,6,51718.04498,0.00000072
GRB 991011B,287.1,6.1,51462.41632,0.00000061
GRB 000830C,353.55,6.35,51786.99296,0.0000097
GRB 990814B,164.32,6.62,51404.90306,0.00000039
GRB 000402B,343.53,6.65,51636.60484,0.00000555
GRB 990320,5.7,6.7,51257.9597,0.00000161
GRB 990816,187.97,6.7,51406.11439,0.00000482
GRB 981112,203,7,51129.16372,0.00000278
GRB 980810A,334.7,7.1,51035.18455,0.00000047
GRB 980321,42.25,7.59,50893.25434,0.00000699
GRB 010528,56,8,52057.13918,0.00000065
GRB 980712A,331.9,8.3,51006.21508,0.00000211
GRB 970612A,272.62,8.42,50611.30454,
GRB 991013B,123.94,8.56,51464.85987,0.0000008
GRB 980703,359.78,8.58,50997.18249,0.0000146
GRB 970417B,56.53,8.61,50555.59787,
GRB 990712A,126.52,8.65,51371.32314,0.00001099
GRB 990312B,189,9,51249.69146,0.00000218
GRB 000502A,68,9,51666.14125,0.00000128
GRB 961023,328.4,9.3,50379.08976,
GRB 980409,206.37,9.83,50912.08929,0.00000289
GRB 961125A,278,10,50412.01722,0.00000026
GRB 970416,332,10,50554.96803,0.00000115
GRB 000525,169,10,51689.25594,0.00000109
GRB 010220B,293,10,51960.8551,0.00000154
GRB 010404,15,10,52003.35265,0.00000256
GRB 010505A,41,10,52034.26838,0.00000061
GRB 970617A,161.7,10.6,50616.71141,
GRB 990226,244.47,10.66,51235.3575,0.00000884
GRB 970417C,331,11,50555.75855,0.00000023
GRB 991226B,269,11,51538.96457,0.00000054
GRB 010629B,94,11,52089.79927,0.00000521
GRB 991216B,79.88,11.18,51528.67172,0.0001463
GRB 991014,102.78,11.6,51465.91149,0.00000093
GRB 970228,75.49,11.77,50507.12362,0.00000829
GRB 980404,0,11.8,50907.78807,0.0000008
GRB 000926,146,12,51813.87715,0.00000026
GRB 010119A,150,12,51928.01383,
GRB 010705,67,12,52095.17653,0.00000072
GRB 010802,177,12,52123.35787,0.00000493
GRB 010119B,283.46,12.02,51928.43029,0.00000432
GRB 960731,43.93,12.51,50295.24032,0.00000169
GRB 001204B,40.29,12.9,51882.33413,0.00000068
GRB 971015,265.71,12.91,50736.15964,0.00000111
GRB 970526,1.12,12.94,50594.0788,0.00000298
GRB 970812,111,13,50672.15233,0.00000183
GRB 990306,315.01,13.45,51243.69895,0.00000115
GRB 010412,290.91,13.62,52011.90728,0.0000298
GRB 980925,323,14,51081.83663,0.000006
GRB 000123,318.07,14.1,51566.57618,0.00000323
GRB 961224A,319.5,14.5,50441.42434,0.0000019
GRB 990307,19.2,14.59,51244.45119,0.00000021
GRB 000205B,203,14.6,51579.52718,0.00000409
GRB 970821,117,15,50681.45791,0.000003
GRB 001022A,196,15,51839.01271,0.00000088
GRB 990526,285.7,15.1,51324.54714,0.00000033
GRB 991103,320.95,15.14,51485.77964,0.00000459
GRB 980812A,145.1,15.7,51037.20424,0.00000121
GRB 970311B,320,16,50518.36333,0.00000031
GRB 990208A,303.08,16.13,51217.04456,0.00000147
GRB 000421,174.91,16.98,51655.51637,0.0000108
GRB 970518,77,17,50586.30014,0.00000369
GRB 010721,118,17,52111.16448,0.00001201
GRB 981220,55.64,17.15,51167.91141,0.00000717
GRB 981216A,226.4,17.2,51163.22866,0.00000113
GRB 970517A,333.58,17.32,50585.01317,0.00000129
GRB 961220,6.9,17.33,50437.22351,
GRB 000727,176.3,17.4,51752.82131,
GRB 980224,186,18,50868.871,0.00000442
GRB 991004B,146,18,51455.63376,0.00000616
GRB 001218,102,18,51896.08759,0.00000087
GRB 010923,302.07,18.03,52175.392,0.00000155
GRB 000206,28.1,18.2,51580.10628,
GRB 980401A,125.7,18.27,50904.18882,0.00000526
GRB 970818,319.72,18.98,50678.75497,0.00000162
GRB 980615B,43,19,50979.42519,0.0001059
GRB 990118B,299,19,51196.52542,0.00000028
GRB 990518A,235.25,19.2,51316.06047,0.00000124
GRB 990311B,43.95,19.25,51248.92481,0.0000242
GRB 970111,232.06,19.6,50459.40556,0.0000492
GRB 990714,231.19,19.66,51373.75959,0.00000231
GRB 981107,317,20,51124.00902,0.0000134
GRB 010324,107.78,20.08,51992.48088,0.00001237
GRB 970509,192.38,20.1,50577.55829,0.000009
GRB 980315A,75.84,20.36,50887.11802,0.00000022
GRB 980508,334.08,20.46,50941.17183,0.00000432
GRB 960801B,230,21,50296.65905,0.00000062
GRB 961015B,29,21,50371.49514,0.00000417
GRB 971130,111,21,50782.85395,0.0000044
GRB 991122B,266,21,51504.37814,0.00000016
GRB 000618,89,21,51713.37199,0.00000093
GRB 970302B,275.92,21.02,50509.77947,0.00000353
GRB 970306,18.34,21.36,50513.1169,
GRB 960919,233.34,21.57,50345.93611,0.00000112
GRB 990707B,72.41,21.84,51366.81895,0.00000197
GRB 990520,198,22,51318.51304,0.00000079
GRB 991212,317,22,51524.28708,0.00000025
GRB 000627,51,22,51722.19593,0.0000007
GRB 000821,359,22,51777.09505,0.00000268
GRB 010618B,95,22,52078.67126,0.00000098
GRB 980429,130.17,22.81,50932.36523,0.00000211
GRB 980627B,180.2,22.83,50991.52539,0.00000125
GRB 970405A,98.84,22.84,50543.15418,0.00000454
GRB 980425A,174,23,50928.44576,0.00000141
GRB 010913,127,23,52165.86712,0.00000015
GRB 981215B,194.73,23.24,51162.58986,0.00000264
GRB 000811,299.58,23.53,51767.64584,0.0000268
GRB 980228,184,24,50872.96642,0.00000415
GRB 990622A,116,24,51351.43781,0.00000637
GRB 991109,227,24,51491.87617,0.00000162
GRB 000211,3.2,24,51585.52343,
GRB 000604,91,24,51699.35488,0.0000014
GRB 010123,99,24,51932.09631,0.00000177
GRB 010427B,319,24,52026.38894,0.0000526
GRB 980527,276.93,24.15,50960.34862,0.00000122
GRB 981221B,150.38,24.53,51168.73442,0.0000033
GRB 980810B,349.93,24.64,51035.7747,
GRB 990323,208.07,24.66,51260.37352,0.00000246
GRB 971029,101.12,24.67,50750.06164,0.0000402
GRB 990521,206,25,51319.96725,0.00000974
GRB 000402A,318,25,51636.12212,0.00000073
GRB 010325,19,25,51993.27646,0.00000304
GRB 970629,29.62,25.04,50628.59497,
GRB 990917C,155.3,25.8,51438.82291,0.00000107
GRB 010222B,106,26,51962.87064,0.00000063
GRB 010910,274,26,52162.10476,
GRB 980420,292.81,26.56,50923.42144,0.00001239
GRB 980918,134.7,26.88,51074.57635,0.00000018
GRB 971228B,34.4,26.9,50810.62074,0.00000108
GRB 970429,34.72,26.98,50567.48361,0.0000075
GRB 980407,64,27,50910.78588,0.00000429
GRB 980718,129,27,51012.04905,0.00000101
GRB 990829A,261,27,51419.13883,0.00000211
GRB 010617,259,27,52077.12005,0.00000221
GRB 010710B,149,27,52100.98209,0.0000248
GRB 020212B,154,27,52317.98057,0.00000156
GRB 020305,62,27,52338.62943,
GRB 000420A,16.45,27.18,51654.48926,0.00000128
GRB 980910B,205.49,27.47,51066.83498,0.00000024
GRB 990111B,173.65,27.82,51189.74884,0.00000397
GRB 010209A,8,28,51949.21596,
GRB 010427A,13,28,52026.0683,0.00000475
GRB 010616,63,28,52076.06811,0.00000085
GRB 010623,321,28,52083.1467,0.00000055
GRB 011116,294,28,52229.14936,0.00000324
GRB 970613,106.85,28.19,50612.22466,
GRB 980819,192.92,28.47,51044.36282,0.00000261
GRB 980222,31.21,28.51,50866.10134,0.00000117
GRB 970330B,332,29,50537.50916,0.00000154
GRB 980320,82,29,50892.68228,0.00000049
GRB 980324A,66,29,50896.47552,0.00000071
GRB 000916,85,29,51803.59377,0.00000079
GRB 990711C,66.07,29.22,51370.90963,0.00000262
GRB 961008,258.69,29.57,50364.22291,0.00000057
GRB 981125A,254.63,29.87,51142.35166,0.00000588
GRB 000205A,8.41,30.18,51579.36102,
GRB 990406,306.1,30.3,51274.85628,0.00000159
GRB 960802,249.52,30.53,50297.92155,0.00000082
GRB 000302,174.46,30.66,51605.59892,0.00000132
GRB 970314,106,31,50521.1675,
GRB 971218,248,31,50800.52968,0.00000141
GRB 010226B,181,31,51966.8939,0.00000023
GRB 010908,251,31,52160.75006,0.00000133
GRB 981228,285.76,31.31,51175.51638,0.0000042
GRB 980315B,74.65,31.57,50887.30895,0.00001038
GRB 990803,80.6,31.7,51393.66626,0.00000043
GRB 971127,225.61,31.93,50779.00326,0.00000604
GRB 960916D,206,32,50342.63557,0.0000076
GRB 970203,251,32,50482.06384,0.00000939
GRB 970701,272.65,32.3,50630.46931,
GRB 981203A,161.46,32.91,51150.04119,0.0000642
GRB 010605,84,33,52065.61148,0.00000019
GRB 011230A,16,33,52273.32382,0.00000087
GRB 980706A,298.28,33.56,51000.65138,0.00000407
GRB 980812B,337.3,33.9,51037.21954,0.00000518
GRB 990821B,70,34,51411.46023,0.00000187
GRB 000922,94,34,51809.88994,0.00000091
GRB 990330B,160.65,34.31,51267.81001,0.00000251
GRB 980705,157.1,34.9,50999.26811,0.00000046
GRB 980421,220.15,34.92,50924.94725,0.00000325
GRB 991201,245,35,51513.95225,0.00000045
GRB 980101,205.07,35.05,50814.14403,0.00000067
GRB 001019,257.93,35.34,51836.9995,0.00000819
GRB 000126,0.56,35.52,51569.29028,0.00000154
GRB 010402,301,36,52001.56676,0.00000056
GRB 020221,48.7,36.3,52326.33869,0.0000195
GRB 980616,213.32,36.37,50980.56174,0.00000232
GRB 001212B,102.4,36.44,51890.62318,0.0000204
GRB 000217,16.56,36.51,51591.44938,0.00000185
GRB 970131B,253.79,36.59,50479.90707,0.00000046
GRB 961126,150.34,36.72,50413.28008,0.0000007
GRB 010407A,84,37,52006.30343,0.00000107
GRB 970609,195.48,37.05,50608.08542,
GRB 000312,320.29,37.92,51615.22494,0.00000615
GRB 970406A,201,38,50544.01225,0.00000555
GRB 990604B,91.09,38.05,51333.83311,0.00000377
GRB 990202B,336.06,38.43,51211.65148,0.00000022
GRB 971102A,181.1,38.6,50754.06468,0.00000109
GRB 981022A,146.8,38.8,51108.25096,0.00000075
GRB 980329A,105.67,38.83,50901.15586,0.0000438
GRB 980701,138,39,50995.77718,0.00000089
GRB 990701,171,39,51360.46119,0.00000121
GRB 000529A,218,39,51693.00267,0.00000023
GRB 010113,325,39,51922.20483,0.00000053
GRB 010208C,131,39,51948.60159,0.00000302
GRB 010626,303,39,52086.10132,0.00000112
GRB 970824A,221.87,39.26,50684.72484,0.00000326
GRB 000330,358.31,39.26,51633.87325,
GRB 010213,257.34,39.26,51953.12318,0.00000511
GRB 990102A,277.38,39.33,51180.21294,0.00000604
GRB 980116,296,40,50829.62611,0.00000027
GRB 010407C,68,40,52006.94175,0.00000031
GRB 991115,294.22,40.44,51497.78344,0.00000416
GRB 991130,114.8,40.61,51512.54652,0.00000271
GRB 000306,226.07,40.92,51609.75037,0.00000235
GRB 010921,343.9,40.93,52173.21933,0.0000134
GRB 981104,351,41,51121.72035,0.0000056
GRB 990117B,188,41,51195.98352,0.00000621
GRB 001205,260,41,51883.62465,0.00000215
GRB 010826,299,41,52147.75418,0.0000296
GRB 000630,221.81,41.22,51725.02152,0.0000151
GRB 970610,32.7,41.8,50609.41961,
GRB 961026,99.32,41.88,50382.25822,0.00000487
GRB 970502,304,42,50570.42369,0.00000079
GRB 980920A,344,42,51076.09904,0.0000022
GRB 001101,119,42,51849.91147,0.00000123
GRB 010730,244,42,52120.49906,0.00000125
GRB 970627A,120.84,42.28,50626.30074,
GRB 980313,31.85,42.33,50885.37803,0.0000059
GRB 981121,15.51,42.33,51138.05988,0.00000397
GRB 980714,327,43,51008.82259,0.0000011
GRB 010222A,223.05,43.02,51962.30767,0.0000837
GRB 960723A,94.99,43.25,50287.19865,0.00000663
GRB 970612B,290.23,43.52,50611.60308,
GRB 961120,286.8,43.6,50407.35223,0.00000034
GRB 001217,195,44,51895.68089,0.00000432
GRB 981005,275.24,44.05,51091.75029,0.00000183
GRB 980629,308.46,44.29,50993.06528,0.00000457
GRB 980605,264.3,44.5,50969.59178,0.00000089
GRB 990715,154.42,44.51,51374.99972,
GRB 990709,299.03,44.6,51368.6642,0.00000037
GRB 990123A,231.37,44.75,51201.40775,0.0001913
GRB 980304,18.4,44.8,50876.61185,0.00000104
GRB 970430,259.71,44.93,50568.80459,0.00000015
GRB 970816,91.57,44.97,50676.09566,0.00001708
GRB 961015A,305,45,50371.44219,0.00000244
GRB 980622,312,45,50986.84837,0.00000112
GRB 000116,245,45,51559.57221,0.00000067
GRB 960725,90.3,45.1,50289.7355,0.00000051
GRB 970919A,194.98,45.46,50710.15626,0.00000142
GRB 990913A,153,46,51434.28606,0.000024
GRB 010406,158,46,52005.03907,
GRB 990905,95.4,46.13,51426.9437,
GRB 980403,279.55,46.41,50906.96935,0.00001018
GRB 000906,272,47,51793.87557,0.00000641
GRB 010212B,219,47,51952.7267,0.00000528
GRB 971002,8.42,47.25,50723.73723,0.00000048
GRB 990606,151,48,51335.0501,0.0000015
GRB 991105B,16,48,51487.44412,0.00000046
GRB 001108,233,48,51856.88819,0.00000146
GRB 010208B,33,48,51948.17248,0.00000124
GRB 990611A,228.12,48.01,51340.42166,0.0000012
GRB 000419,330.07,48.28,51653.09223,0.00001082
GRB 991217,115.3,48.5,51529.25253,0.00000235
GRB 010214,265.24,48.58,51954.36675,0.00000344
GRB 000323,193,48.82,51626.37646,0.00001193
GRB 981022B,14.89,48.92,51108.7514,0.00000267
GRB 960720,262.65,49.08,50284.48395,0.00000195
GRB 971024A,276.21,49.47,50745.48163,0.00000267
GRB 980706C,198,49.7,51000.74059,0.00000096
GRB 010126B,179.29,49.75,51935.38248,0.00000082
GRB 990819,225,50,51409.76951,0.00000121
GRB 990210,108.11,50.11,51219.18628,0.00000128
GRB 971110,241.67,50.37,50762.78692,0.0001238
GRB 970817,50.3,50.5,50677.8067,0.00000131
GRB 971223A,221.65,50.53,50805.02642,0.00000321
GRB 000314,137.71,50.66,51617.36925,0.00000181
GRB 970525,149.5,50.8,50593.36791,
GRB 970123,96,51,50471.35876,0.00000647
GRB 990207,166,51,51216.80642,0.00000112
GRB 971023B,288.08,51.52,50744.46683,0.00000236
GRB 980105,37.2,51.66,50818.03104,0.00000696
GRB 990213,145.89,51.72,51222.40698,0.00000162
GRB 981017,211,52,51103.02647,0.00000028
GRB 990313,338,52,51250.39019,0.00000093
GRB 990827,264,52,51417.83513,0.00000073
GRB 990903,237,52,51424.23762,0.00000346
GRB 000606,247,52,51701.0795,0.00000214
GRB 000613,133,52,51708.02204,0.00000044
GRB 010917,140,52,52169.29483,
GRB 020113A,84,52,52287.08624,0.00000263
GRB 000629,104,53,51724.01965,0.0000004
GRB 001011A,67,53,51828.4214,0.00000028
GRB 020409A,151,53,52373.39396,0.00000265
GRB 010304,316.59,53.21,51972.22142,0.00000402
GRB 990409,6.3,53.3,51277.96824,0.0000016
GRB 000518,71.33,53.91,51682.2374,0.00000254
GRB 010511,307,54,52040.69058,0.0000009
GRB 011216,43,54,52259.12179,0.0000013
GRB 020311,57,54,52344.0566,0.00001229
GRB 961211,281.71,54.82,50428.08069,
GRB 981126A,65,55,51143.72314,0.00000293
GRB 000327,316,55,51630.94302,0.00001166
GRB 010111,141,55,51920.78019,0.00000222
GRB 010303,294,55,51971.63574,0.00000204
GRB 010727A,279,55,52117.04611,0.00000037
GRB 991104,53.13,55.08,51486.71329,0.00000686
GRB 001109,277.53,55.3,51857.39112,0.00000423
GRB 990220,163.05,55.6,51229.50229,0.00000324
GRB 990925,317,56,51446.95179,0.00000026
GRB 001219A,50,56,51897.31631,0.0000059
GRB 990516A,85.62,56.09,51314.8717,0.00000041
GRB 980706B,162,57.33,51000.66652,0.000015
GRB 960923,256.33,57.35,50349.02656,0.00000217
GRB 990708,178.13,57.51,51367.96653,0.0000011
GRB 991129,313.73,57.53,51511.52648,0.00000115
GRB 960916E,153.96,57.55,50342.99189,0.0000058
GRB 990820,120,58,51410.964,0.00000587
GRB 990621,132.9,58.1,51350.50859,0.00000082
GRB 981106,323.8,58.4,51123.44536,0.00000216
GRB 970713B,127.12,58.45,50642.87311,
GRB 970713A,274.48,58.65,50642.63708,
GRB 961110,61.1,59,50397.31223,0.00000072
GRB 000903A,327,59,51790.54294,0.00000053
GRB 971027A,205.7,59.2,50748.11354,0.00000753
GRB 971227,194.4,59.25,50809.34939,0.00000188
GRB 000207,289.7,59.25,51581.99747,0.00000313
GRB 970919C,298.55,59.56,50710.92378,0.00000359
GRB 020327B,337,60,52360.10148,0.00000237
GRB 990206,112.1,60.4,51215.66043,0.00000047
GRB 000222,53.99,60.6,51596.57252,0.00000023
GRB 991106,39.24,60.63,51488.79412,0.00000454
GRB 970315A,2.15,60.72,50522.65341,0.0000406
GRB 970223,240,60.8,50502.75097,0.00000023
GRB 990917A,42,61,51438.59594,0.00000401
GRB 000828A,19,61,51784.74697,0.00000073
GRB 981229,326.69,61.42,51176.39103,0.00000019
GRB 010220C,39.25,61.77,51960.95213,0.00000463
GRB 981125B,202.31,61.86,51142.87941,0.00000635
GRB 970922B,328,62,50713.10135,0.00000435
GRB 970614,234.69,62.2,50613.96367,
GRB 970603B,177.05,62.31,50602.98265,
GRB 010104B,317.37,63.51,51913.72326,0.00000105
GRB 970424A,18,64,50562.41417,0.00000074
GRB 971214B,179.12,65.2,50796.97271,0.00000737
GRB 990507,137.56,65.9,51305.82564,0.00000054
GRB 990310,232,66,51247.3575,0.00000031
GRB 020409B,131.31,66.69,52373.88302,0.00000148
GRB 011230B,82,67,52273.36692,0.00000326
GRB 020416,4,68,52380.32863,0.00000178
GRB 000415,175.47,68.27,51649.01122,0.00000238
GRB 961106,296.9,68.7,50393.49803,0.00000015
GRB 970221A,33.6,68.8,50500.15925,0.00000095
GRB 970317B,111.75,68.9,50524.97256,0.00000327
GRB 970820,95.21,68.93,50680.23404,0.000001
GRB 020119C,58,69,52293.67418,0.00000066
GRB 000620B,113.82,69.2,51715.23163,
GRB 990308A,48.19,69.21,51245.12838,0.00000088
GRB 000110,312,70,51553.19358,0.00000489
GRB 990308B,64.72,70.1,51245.8247,0.00000105
GRB 000104B,223.24,70.39,51547.60152,0.00000082
GRB 971207B,138.2,71,50789.87375,0.00000149
GRB 980613,154.44,71.48,50977.20215,0.00000186
GRB 980112B,40.51,71.64,50825.32644,0.00000078
GRB 990915B,97.1,71.87,51436.969,
GRB 000212,329,72,51586.71287,0.00000082
GRB 000615A,233.14,73.8,51710.26236,0.00000096
GRB 990919,69.4,74,51440.57104,0.0000031
GRB 960927,199.56,74.13,50353.15791,
GRB 990104A,268.1,74.5,51182.45836,0.0000019
GRB 990730A,141.36,74.8,51389.7911,0.00000294
GRB 000301A,354.86,75.78,51604.10688,0.00000362
GRB 020426,143,76,52390.99738,0.00000068
GRB 000418,69.8,76.15,51652.89604,0.0000002
GRB 960805A,186.03,76.36,50300.89522,0.00000036
GRB 000517A,107.98,76.74,51681.23368,0.00000179
GRB 960912,95.14,76.86,50338.58157,0.00000863
GRB 990726,289,77,51385.12469,0.00000712
GRB 980519B,350.56,77.25,50952.51414,0.00000858
GRB 971208B,356.46,77.94,50790.32542,0.0000962
GRB 980419,130,78,50922.88108,0.00000331
GRB 991128,121,78,51510.25278,0.00000102
GRB 980919,309.29,78.29,51075.81172,0.00000175
GRB 971122,300.49,78.47,50774.89561,0.00000875
GRB 970928,168.3,78.63,50719.09847,0.00000038
GRB 970508,103.37,79.28,50576.90402,0.00000165
GRB 971024B,141,80,50745.5602,0.00000295
GRB 980124A,272.22,80.3,50837.27403,0.00000997
GRB 000409,264.37,80.82,51643.62535,0.00000131
GRB 010507B,347,81,52036.38346,0.00000132
GRB 020322,270.21,81.1,52355.16084,0.00000085
GRB 970815,242.18,81.5,50675.50492,0.00001095
GRB 960707A,320.95,82.51,50271.42825,0.00000334
GRB 991124A,142,84,51506.27919,0.00000157