name,ra,dec,time_x,fluence,redshift
GRB 041217,164.79,-17.944,2004-12-17T07:28:25.920000,0.0000027,
GRB 041218,24.78167,71.34167,2004-12-18T15:45:25,,
GRB 041219A,6.115,62.84247,2004-12-19T01:42:18.000000,,0.3
GRB 041219B,167.674,-33.458,2004-12-19T15:38:48.000000,,
GRB 041219C,343.882,-76.786,2004-12-19T20:30:34.000000,0.00000114,
GRB 041220,291.301,60.596,2004-12-20T22:58:26.599560,0.000000366,
GRB 041223,100.19721,-37.07309,2004-12-23T14:06:17.956380,0.000017,
GRB 041224,56.192,-6.666,2004-12-24T20:20:57.698840,0.00000853,
GRB 041226,79.647,73.343,2004-12-26T20:34:18.976400,0.00000031,
GRB 041228,336.649,5.027,2004-12-28T10:49:14.142460,0.00000345,
GRB 050117,358.46874,65.93879,2005-01-17T12:52:36.037100,0.00000867,
GRB 050124,192.87792,13.045,2005-01-24T11:30:02.876080,0.00000118,
GRB 050126,278.11321,42.37044,2005-01-26T12:00:54.073440,0.00000088,1.29
GRB 050128,219.57358,-34.76519,2005-01-28T04:19:55.191240,0.00000511,
GRB 050202,290.583,-38.733,2005-02-02T03:35:14.800740,3.16E-08,
GRB 050209,126.5375,19.68389,2005-02-09T01:31:41,,
GRB 050215A,348.411,49.322,2005-02-15T02:15:28.543100,0.000000639,
GRB 050215B,174.44958,40.796,2005-02-15T02:33:43.199080,0.000000235,
GRB 050219A,166.41242,-40.68419,2005-02-19T12:40:01.049120,0.00000408,
GRB 050219B,81.31662,-57.75797,2005-02-19T21:05:51.256640,0.0000158,
GRB 050223,271.38538,-62.47252,2005-02-23T03:09:06.068200,0.000000646,0.584
GRB 050306,282.31033,-9.15278,2005-03-06T03:33:11.876760,0.0000114,
GRB 050315,306.47542,-42.60061,2005-03-15T20:59:42.518900,0.00000317,1.95
GRB 050318,49.7125,-46.39556,2005-03-18T15:44:37.170860,,1.4436
GRB 050319,154.19958,43.54847,2005-03-19T09:31:18.449780,0.00000133,3.2425
GRB 050326,6.95458,-71.37119,2005-03-26T09:53:56.135600,0.00000884,
GRB 050401,247.87004,2.18728,2005-04-01T14:20:15.326620,0.00000831,2.8983
GRB 050406,34.46792,-50.1875,2005-04-06T15:58:48.407200,0.000000067,2.44
GRB 050408,180.57212,10.85261,2005-04-08T16:22:50.93,,1.2357
GRB 050410,89.80879,79.60344,2005-04-10T12:14:33.553380,0.00000435,
GRB 050412,181.10533,-1.20017,2005-04-12T05:44:02.894760,0.000000629,
GRB 050416A,188.4775,21.05742,2005-04-16T11:04:44.488360,0.000000407,0.6528
GRB 050416B,133.847,11.186,2005-04-16T22:35:54.119620,0.00000111,
GRB 050418,44.339,-18.542,2005-04-18T11:00:34.629320,0.00000511,
GRB 050421,307.26146,73.65492,2005-04-21T04:11:51.617220,0.000000143,
GRB 050422,324.47796,55.77917,2005-04-22T07:52:39.807480,0.000000596,
GRB 050502A,202.44292,42.67436,2005-05-02T02:13:57,,3.793
GRB 050502B,142.54177,16.99669,2005-05-02T09:25:40.464300,0.000000471,5.2
GRB 050504,201.00517,40.70419,2005-05-04T08:00:52.5,,
GRB 050505,141.76375,30.27325,2005-05-05T23:22:21.098760,0.00000251,4.275
GRB 050507,48.064,-11.051,2005-05-07T22:43:18.311680,,
GRB 050509A,310.58358,54.07125,2005-05-09T01:46:28.517900,0.000000336,
GRB 050509B,189.05771,28.98436,2005-05-09T04:00:19.237760,7.11E-09,0.2249
GRB 050509C,193.22475,-44.83447,2005-05-09T22:45:54,,
GRB 050520,192.52492,30.45122,2005-05-20T00:05:53,,
GRB 050522,200.14429,24.789,2005-05-22T06:00:21,,
GRB 050525A,278.13583,26.33986,2005-05-25T00:02:53.517080,0.0000151,0.606
GRB 050528,353.528,45.958,2005-05-28T04:06:45.128040,0.000000447,
GRB 050603,39.98705,-25.18183,2005-06-03T06:29:05.214200,0.00000703,2.821
GRB 050607,300.17829,9.14208,2005-06-07T09:11:22.807560,0.000000612,
GRB 050626,186.7445,-63.1342,2005-06-26T03:45:16,,
GRB 050701,227.257,-59.41458,2005-07-01T11:42:59.472220,0.00000136,
GRB 050709,345.36233,-38.97764,2005-07-09T22:36:37,,0.16
GRB 050712,77.70042,64.91322,2005-07-12T14:00:27.517820,0.00000109,
GRB 050713A,320.53971,77.07486,2005-07-13T04:29:02.396820,0.00000505,3.6
GRB 050713B,307.81458,60.944,2005-07-13T12:07:17.628280,0.00000432,
GRB 050714A,43.59579,69.11272,2005-07-14T00:05:56,,
GRB 050714B,169.69879,-15.54694,2005-07-14T22:40:32.377900,0.000000527,3.5
GRB 050715,155.656,-0.033,2005-07-15T22:30:26.424240,0.00000138,
GRB 050716,338.58638,38.68433,2005-07-16T12:36:03.639280,0.00000615,
GRB 050717,214.352,-50.53353,2005-07-17T10:30:52.293760,0.00000634,
GRB 050721,253.43554,-28.38106,2005-07-21T04:29:14.287540,0.00000361,
GRB 050724,246.18492,-27.54097,2005-07-24T12:34:09.361840,0.00000101,0.258
GRB 050726,200.04958,-32.06442,2005-07-26T05:00:17.830940,0.00000197,
GRB 050730,212.07142,-3.77161,2005-07-30T19:58:23.199020,0.00000237,3.9693
GRB 050801,204.1475,-21.92833,2005-08-01T18:28:02.075720,0.000000308,1.38
GRB 050802,219.27371,27.78672,2005-08-02T10:08:02.266620,0.00000221,1.7102
GRB 050803,350.65771,5.78569,2005-08-03T19:14:00.344280,0.00000217,
GRB 050813,241.98737,11.24919,2005-08-13T06:45:09.768120,3.65E-08,0.722
GRB 050814,264.18912,46.33933,2005-08-14T11:38:56.966000,0.00000195,5.3
GRB 050815,293.59645,9.14652,2005-08-15T17:25:18.723840,7.88E-08,
GRB 050819,358.75675,24.86083,2005-08-19T16:23:55.132880,0.000000306,2.5043
GRB 050820A,337.40879,19.56031,2005-08-20T06:34:53.115840,,2.6147
GRB 050820B,135.60429,-72.64556,2005-08-20T23:50:27.194600,0.00000205,
GRB 050822,51.11325,-46.03333,2005-08-22T03:49:29.144560,0.00000248,1.434
GRB 050824,12.23375,22.60889,2005-08-24T23:12:16.307660,0.000000273,0.8281
GRB 050826,87.75658,-2.64328,2005-08-26T06:18:10.289400,0.00000042,0.297
GRB 050827,64.29004,18.20039,2005-08-27T18:57:15.118740,0.00000209,
GRB 050904,13.71164,14.08595,2005-09-04T01:51:44.290000,0.0000052,6.295
GRB 050906,52.806,-14.621,2005-09-06T10:32:04.793880,6.07E-09,
GRB 050908,20.46146,-12.95478,2005-09-08T05:42:31.386740,0.000000483,3.3467
GRB 050911,13.714,-38.86,2005-09-11T15:59:33.844660,0.000000319,
GRB 050915A,81.68668,-28.01646,2005-09-15T11:22:42.317800,0.000000845,2.5273
GRB 050915B,219.10825,-67.40933,2005-09-15T21:23:04.269060,0.00000341,
GRB 050916,135.98812,-51.42881,2005-09-16T16:35:52.267640,0.00000111,
GRB 050918,267.6195,-25.4114,2005-09-18T15:36:39,,
GRB 050922A,271.1541,-32.0235,2005-09-22T13:43:18,,
GRB 050922B,5.80571,-5.60464,2005-09-22T15:02:00.257060,0.00000236,
GRB 050922C,317.38875,-8.75764,2005-09-22T19:55:50.400700,0.00000162,2.1995
GRB 050925,303.487,34.33,2005-09-25T09:04:33.628160,7.66E-08,
GRB 051001,350.953,-31.52317,2005-10-01T11:11:36.241320,0.00000176,2.4296
GRB 051006,110.80892,9.50556,2005-10-06T20:30:33.255560,0.00000124,1.059
GRB 051008,202.87342,42.09817,2005-10-08T16:33:21.316200,,5.2
GRB 051012,270.535,-52.783,2005-10-12T17:05:56.957000,0.000000206,
GRB 051016A,122.81925,-18.298,2005-10-16T05:23:31.350440,0.000000838,
GRB 051016B,132.11588,13.65556,2005-10-16T18:28:08.981460,0.00000017,0.9364
GRB 051021A,29.15163,9.06769,2005-10-21T13:21:57,,
GRB 051021B,126.05096,-45.54111,2005-10-21T23:31:53.676000,0.000000822,
GRB 051022,359.01708,19.60672,2005-10-22T13:07:58,,0.8
GRB 051028,27.06254,47.75256,2005-10-28T13:36:01.47,,
GRB 051105A,265.3,34.945,2005-11-05T06:26:41.537840,1.67E-08,
GRB 051105B,9.4771,-40.4812,2005-11-05T11:05:50,,
GRB 051109A,330.3138,40.82314,2005-11-09T01:12:20.522800,0.00000217,2.346
GRB 051109B,345.45983,38.67964,2005-11-09T08:39:39.370220,0.000000226,0.08
GRB 051111,348.13833,18.37475,2005-11-11T05:59:41.478720,0.00000427,1.5495
GRB 051113,187.244,-26.392,2005-11-13T15:22:34.722320,0.00000258,
GRB 051114,226.273,60.157,2005-11-14T04:11:29.441000,0.000000124,
GRB 051117A,228.39204,30.87019,2005-11-17T10:51:20.091280,0.00000436,
GRB 051117B,85.18075,-19.27422,2005-11-17T13:22:54.427080,0.000000175,0.481
GRB 051210,330.17125,-57.61358,2005-12-10T05:46:21.168500,0.000000086,
GRB 051211A,104.05417,32.67889,2005-12-11T02:50:05.4,,
GRB 051211B,345.67321,55.08097,2005-12-11T22:05:44,,
GRB 051213,252.093,-59.231,2005-12-13T07:13:04.106720,0.000000797,
GRB 051221A,328.70267,16.89096,2005-12-21T01:51:15.868000,0.00000116,0.5465
GRB 051221B,312.39729,53.03642,2005-12-21T20:03:20.090560,0.000000912,
GRB 051227,125.24212,31.92553,2005-12-27T18:07:16.047360,0.000000715,0.714
GRB 060102,328.841,-1.836,2006-01-02T21:17:27.963420,0.000000234,
GRB 060105,297.50283,46.34889,2006-01-05T06:49:27.446760,0.0000182,4
GRB 060108,147.00825,31.91906,2006-01-08T14:39:11.760360,0.000000372,2.03
GRB 060109,282.68187,31.99092,2006-01-09T16:54:41.230260,0.000000662,
GRB 060110,72.74104,28.43214,2006-01-10T08:01:17.773060,0.00000151,
GRB 060111A,276.20472,37.60402,2006-01-11T04:23:06.123420,0.0000012,
GRB 060111B,286.42696,70.37586,2006-01-11T20:15:43.242160,0.00000162,
GRB 060114,195.2766,-4.748,2006-01-14T12:39:44,,
GRB 060115,54.035,17.34528,2006-01-15T13:08:00.643040,0.00000171,3.5328
GRB 060116,84.69283,-5.43698,2006-01-16T08:37:27.233480,0.00000239,6.6
GRB 060117,327.90054,-59.97753,2006-01-17T06:50:01.599700,0.0000205,0.45
GRB 060121,137.46638,45.66261,2006-01-21T22:24:54.5,,
GRB 060123,179.69979,45.51378,2006-01-23T22:22:40,,1.099
GRB 060124,77.10625,69.74056,2006-01-24T15:54:51.825540,0.0000142,2.297
GRB 060130,229.224,-36.912,2006-01-30T04:56:25,,
GRB 060202,35.84575,38.38431,2006-02-02T08:40:55.008460,0.00000223,0.783
GRB 060203,103.51604,71.81067,2006-02-03T23:55:35.005260,0.000000912,
GRB 060204A,232.2335,-39.4438,2006-02-04T13:19:50,,
GRB 060204B,211.81208,27.67678,2006-02-04T14:34:24.092080,0.00000293,3.1
GRB 060206,202.9309,35.051,2006-02-06T04:46:53.272980,0.000000843,4.048
GRB 060210,57.73904,27.02622,2006-02-10T04:58:49.809180,0.00000763,3.9133
GRB 060211A,58.38604,21.48861,2006-02-11T09:39:10.990840,0.00000158,
GRB 060211B,75.0715,14.94939,2006-02-11T15:55:14.766340,0.000000442,
GRB 060213,141.6,-9.15,2006-02-13T13:11:09,,3.5
GRB 060218,50.41535,16.86717,2006-02-18T03:34:30.977720,0.00000645,0.0334
GRB 060219,241.83967,32.31611,2006-02-19T22:48:05.118160,0.00000044,
GRB 060223A,55.2065,-17.1301,2006-02-23T06:04:23.927580,0.000000674,4.406
GRB 060223B,254.242,-30.813,2006-02-23T19:41:04.886460,0.0000016,
GRB 060306,41.09533,-2.14853,2006-03-06T00:49:10.626240,0.00000215,
GRB 060312,45.77488,12.83375,2006-03-12T01:36:12.758340,0.00000184,
GRB 060313,66.61833,-10.84447,2006-03-13T00:12:06.484480,0.00000114,1.7
GRB 060319,176.38767,60.01081,2006-03-19T00:55:42.920580,0.000000238,
GRB 060322,274.23596,-36.70869,2006-03-22T23:00:21.120860,0.00000522,
GRB 060323,174.43854,49.98536,2006-03-23T14:32:36.031580,0.000000634,
GRB 060403,282.33996,8.32981,2006-04-03T13:12:17.129580,0.00000136,
GRB 060413,291.28271,13.75836,2006-04-13T18:40:22.869180,0.00000356,
GRB 060418,236.4275,-3.6389,2006-04-18T03:06:08.204500,0.00000838,1.4901
GRB 060421,343.63763,62.731,2006-04-21T00:39:23.334720,0.00000126,
GRB 060424,7.3575,36.79964,2006-04-24T04:16:19.520420,0.00000068,
GRB 060427,124.26721,62.67136,2006-04-27T11:43:10.841740,0.000000503,
GRB 060428A,123.545,-37.16983,2006-04-28T03:22:48.056420,0.0000014,
GRB 060428B,235.35679,62.02508,2006-04-28T08:54:38.839960,0.000000844,
GRB 060429,115.5126,-24.9525,2006-04-29T12:19:50.9,,
GRB 060501,328.37783,43.99861,2006-05-01T08:14:58.865920,0.00000125,
GRB 060502A,240.927,66.60069,2006-05-02T03:03:32.144320,0.00000233,1.5026
GRB 060502B,278.93846,52.63153,2006-05-02T17:24:41.035100,4.92E-08,0.287
GRB 060505,331.76383,-27.81472,2006-05-05T06:35:58.890000,,0.0889
GRB 060507,89.9605,75.24886,2006-05-07T01:53:12.230320,0.00000452,
GRB 060510A,95.86658,-1.16283,2006-05-10T07:43:27.647800,0.00000815,
GRB 060510B,239.1234,78.57028,2006-05-10T08:22:14.815740,0.00000398,4.941
GRB 060512,195.7742,41.1909,2006-05-12T23:13:20.730480,0.00000025,2.1
GRB 060515,127.28892,73.56778,2006-05-15T02:27:52.918180,0.00000144,
GRB 060516,71.171,-18.127,2006-05-16T06:43:34.803820,0.00000103,
GRB 060522,322.93667,2.88621,2006-05-22T02:11:18.792140,0.00000113,5.11
GRB 060526,232.8265,0.2847,2006-05-26T16:28:29.950920,0.00000124,3.2213
GRB 060602,149.56783,0.304,2006-06-02T21:32:12.464320,0.00000161,0.787
GRB 060604,337.2292,-10.9155,2006-06-04T18:19:00.012500,0.000000376,2.1357
GRB 060605,322.1555,-6.0587,2006-06-05T18:15:44.618460,0.00000116,3.773
GRB 060607A,329.71,-22.4965,2006-06-07T05:12:13.351500,0.00000256,3.0749
GRB 060607B,42.041,14.75,2006-06-07T23:32:44.133940,0.00000162,
GRB 060614,320.88367,-53.02672,2006-06-14T12:43:48.504600,0.0000207,0.1257
GRB 060707,357.07917,-17.90472,2006-07-07T21:30:19.497320,0.00000158,3.425
GRB 060708,7.80758,-33.759,2006-07-08T12:15:59.016080,0.000000499,1.92
GRB 060712,184.06775,35.53828,2006-07-12T21:07:43.711080,0.00000142,
GRB 060714,227.8601,-6.5662,2006-07-14T15:12:00.283480,0.00000288,2.7108
GRB 060717,170.84033,28.95108,2006-07-17T09:07:38.901820,6.99E-08,
GRB 060719,18.432,-48.38092,2006-07-19T06:50:36.945900,0.00000152,1.532
GRB 060728,16.639,-41.388,2006-07-28T22:24:30.654180,0.000000223,
GRB 060729,95.38271,-62.37019,2006-07-29T19:12:29.244420,0.00000261,0.5428
GRB 060801,213.00554,16.98183,2006-08-01T12:16:15.158880,8.05E-08,1.131
GRB 060804,112.20567,-27.21575,2006-08-04T07:28:19.825160,0.000000532,
GRB 060805A,220.93113,12.58644,2006-08-05T04:47:49.167340,7.31E-08,2.5
GRB 060805B,272.52258,58.15525,2006-08-05T14:27:15,,1.3
GRB 060807,252.51083,31.59186,2006-08-07T14:41:35.402420,0.000000861,3.4
GRB 060813,111.89733,-29.84706,2006-08-13T22:50:22.685460,0.00000553,2.38
GRB 060814,221.33875,20.58616,2006-08-14T23:02:19.035400,0.0000148,1.9229
GRB 060825,18.12271,55.79747,2006-08-25T02:59:57.702280,0.000000955,2
GRB 060901,287.15762,-6.63525,2006-09-01T18:44:00,,2
GRB 060904A,237.72779,44.98564,2006-09-04T01:03:21.201840,0.00000783,1.84
GRB 060904B,58.21058,-0.72531,2006-09-04T02:31:03.857720,0.00000165,0.7029
GRB 060906,40.7535,30.36164,2006-09-06T08:32:46.573080,0.00000224,3.6856
GRB 060908,31.8265,0.342,2006-09-08T08:57:22.344940,0.00000281,1.8836
GRB 060912A,5.284,20.9716,2006-09-12T13:55:54.144260,0.00000136,0.937
GRB 060912B,271.2167,-19.8804,2006-09-12T17:33:40,,
GRB 060919,276.92417,-51.01447,2006-09-19T07:48:38.674380,0.000000544,
GRB 060923A,254.61729,12.36081,2006-09-23T05:12:15.370360,0.000000882,2.8
GRB 060923B,238.19458,-30.90381,2006-09-23T11:38:06.217800,0.00000049,
GRB 060923C,346.11833,3.92475,2006-09-23T13:33:02.537640,0.00000157,3.5
GRB 060926,263.93192,13.0385,2006-09-26T16:48:41.859180,0.000000232,3.2086
GRB 060927,329.54971,5.36398,2006-09-27T14:07:35.297340,0.00000112,5.4636
GRB 060928,127.62625,-42.74939,2006-09-28T01:17:02.782,,1.3
GRB 060929,263.12071,29.83511,2006-09-29T19:55:01.052660,0.000000286,
GRB 061002,220.348,48.74136,2006-10-02T01:03:29.592060,0.000000858,
GRB 061004,97.79504,-45.90672,2006-10-04T19:50:30.514260,0.000000569,
GRB 061006,111.0315,-79.19875,2006-10-06T16:45:50.510340,0.00000143,0.4377
GRB 061007,46.33167,-50.50067,2006-10-07T10:08:08.812840,0.000045,1.2622
GRB 061019,91.62854,29.57036,2006-10-19T04:19:06.964420,0.00000244,
GRB 061021,145.1505,-21.9515,2006-10-21T15:39:07.663300,0.00000301,0.3463
GRB 061025,300.90458,-48.24361,2006-10-25T18:35:50,,
GRB 061027,270.876,-82.24,2006-10-27T10:15:02.467300,0.000000289,
GRB 061028,97.2275,46.29886,2006-10-28T01:26:22.466000,0.000000949,0.76
GRB 061102,148.40746,-17.02483,2006-11-02T01:00:31.223660,0.000000276,
GRB 061110A,336.29083,-2.25853,2006-11-10T11:47:21.318140,0.00000113,0.7578
GRB 061110B,323.91833,6.87614,2006-11-10T21:58:45.541260,0.00000135,3.4344
GRB 061121,147.22729,-13.19511,2006-11-21T15:22:29.006780,0.0000139,1.3145
GRB 061122,303.83267,15.51736,2006-11-22T07:56:45,,
GRB 061126,86.60178,64.21077,2006-11-26T08:47:56.420860,0.00000661,1.1588
GRB 061201,332.1337,-74.57974,2006-12-01T15:58:36.821720,0.000000341,
GRB 061202,105.52525,-74.69853,2006-12-02T08:11:44.696300,0.00000345,
GRB 061210,144.52146,15.62103,2006-12-10T12:20:39.551180,0.00000109,0.4095
GRB 061217,160.40604,-21.12508,2006-12-17T03:40:08.217280,4.29E-08,0.827
GRB 061218,149.247,-35.222,2006-12-18T04:05:05.815160,0.000000043,
GRB 061222A,358.26425,46.53294,2006-12-22T03:28:52.110840,0.00000812,2.088
GRB 061222B,105.3525,-25.86,2006-12-22T04:11:02.350780,0.00000227,3.355
GRB 070103,352.5575,26.87622,2007-01-03T20:46:39.412140,0.000000329,2.6208
GRB 070107,159.40146,-53.21319,2007-01-07T12:05:18.316420,0.00000523,
GRB 070110,0.91363,-52.97414,2007-01-10T07:22:41.574460,0.00000163,2.3521
GRB 070124,221.385,54.579,2007-01-24T08:41:51.035,,
GRB 070125,117.82403,31.15114,2007-01-25T07:20:50.853,,1.5477
GRB 070126,33.494,-73.548,2007-01-26T02:33:26.277220,0.000000131,
GRB 070129,37.00392,11.68444,2007-01-29T23:35:10.269080,0.00000301,2.3384
GRB 070208,197.88586,61.9651,2007-02-08T09:10:34.281260,0.000000518,1.165
GRB 070209,46.236,-47.388,2007-02-09T03:33:41.947620,2.16E-08,
GRB 070219,260.19187,69.37019,2007-02-19T01:10:16.146540,0.000000322,
GRB 070220,34.77896,68.80467,2007-02-20T04:44:32.912080,0.0000105,2.15
GRB 070223,153.45163,43.13353,2007-02-23T01:15:00.682000,0.00000188,
GRB 070224,179.02771,-13.33022,2007-02-24T20:27:58.214180,0.00000037,
GRB 070227,120.58071,-46.314,2007-02-27T22:21:58.869180,,
GRB 070306,148.09704,10.48208,2007-03-06T16:41:28.177300,0.00000546,1.4965
GRB 070309,263.66583,-37.93069,2007-03-09T10:01:03,,
GRB 070311,87.53421,3.37508,2007-03-11T01:52:50,,
GRB 070318,48.4868,-42.9462,2007-03-18T07:28:56.088640,0.00000262,0.8397
GRB 070326,40.33667,-66.98917,2007-03-26T16:29:12,,
GRB 070328,65.11533,-34.06686,2007-03-28T03:53:53.155520,0.00000915,3.5
GRB 070330,269.5416,-63.793,2007-03-30T22:51:31.197520,0.000000167,
GRB 070406,198.969,16.481,2007-04-06T00:50:38.449000,3.81E-08,
GRB 070411,107.33312,1.06467,2007-04-11T20:12:33.316080,0.00000256,2.9538
GRB 070412,181.54188,40.14319,2007-04-12T01:27:03.395620,0.000000483,
GRB 070419A,182.745,39.92603,2007-04-19T09:59:26.099880,0.000000667,0.9705
GRB 070419B,315.70758,-31.26369,2007-04-19T10:44:05.971820,0.00000746,1.9588
GRB 070420,121.22988,-45.55556,2007-04-20T06:18:13.522060,0.0000142,1.56
GRB 070427,28.878,-27.605,2007-04-27T08:31:08.930660,0.00000069,
GRB 070429A,297.70383,-32.40494,2007-04-29T01:35:10.078940,0.000000937,
GRB 070429B,328.01587,-38.82833,2007-04-29T03:09:04.446800,6.52E-08,0.904
GRB 070506,347.2183,10.7224,2007-05-06T05:35:58.063600,0.000000206,2.309
GRB 070508,312.80029,-78.38528,2007-05-08T04:18:17.835440,0.0000201,0.82
GRB 070509,237.95925,-78.65183,2007-05-09T02:48:27.305440,0.000000187,
GRB 070517,277.62063,-62.2975,2007-05-17T11:20:58.391320,0.000000219,
GRB 070518,254.1986,55.2951,2007-05-18T14:26:21.204860,0.000000167,0.7
GRB 070520A,193.35933,74.99036,2007-05-20T13:05:10.032620,0.000000498,
GRB 070520B,121.88029,57.60814,2007-05-20T17:44:53.264200,0.00000107,
GRB 070521,242.66092,30.25622,2007-05-21T06:51:10.863020,0.00000811,0.553
GRB 070529,283.7427,20.6594,2007-05-29T12:48:28.349220,0.00000247,2.4996
GRB 070531,6.74242,74.31303,2007-05-31T02:10:17.529860,0.00000109,
GRB 070611,1.99171,-29.75556,2007-06-11T01:57:13.890180,0.000000403,2.0394
GRB 070612A,121.37337,37.27089,2007-06-12T02:38:45.983960,0.0000108,0.617
GRB 070612B,261.72696,-8.75139,2007-06-12T06:21:17.791640,0.00000182,
GRB 070615,44.31383,-4.40717,2007-06-15T02:20:45,,
GRB 070616,32.1505,56.94436,2007-06-16T16:29:33.974040,0.0000197,3
GRB 070621,323.792,-24.81753,2007-06-21T23:17:39.850480,0.0000044,
GRB 070628,115.27537,-20.27928,2007-06-28T14:41:02.843960,0.00000356,
GRB 070704,354.69767,66.25317,2007-07-04T20:05:57.934440,0.00000585,
GRB 070707,267.74396,-68.92422,2007-07-07T16:08:21,,
GRB 070714A,42.93046,30.24306,2007-07-14T03:20:30.618220,0.000000155,
GRB 070714B,57.84262,28.29744,2007-07-14T04:59:29.626060,0.000000725,0.92
GRB 070721A,3.16343,-28.5502,2007-07-21T10:00:56.330340,5.52E-08,
GRB 070721B,33.13737,-2.19456,2007-07-21T10:33:46.314280,0.00000356,3.6298
GRB 070724A,27.80854,-18.59442,2007-07-24T10:53:50.211640,3.09E-08,0.457
GRB 070724B,17.48613,57.67653,2007-07-24T23:25:09,,1.1
GRB 070729,56.31675,-39.32239,2007-07-29T00:25:53.913580,0.000000103,
GRB 070731,328.584,-15.743,2007-07-31T09:33:22.676340,0.000000167,
GRB 070802,36.8995,-55.52758,2007-08-02T07:07:25.872160,0.000000279,2.4541
GRB 070805,245.042,-59.959,2007-08-05T19:55:45.448360,0.000000708,
GRB 070808,6.764,1.17622,2007-08-08T18:28:00.545880,0.00000129,3.5
GRB 070809,203.76896,-22.14189,2007-08-09T19:22:17.375600,0.000000102,0.2187
GRB 070810A,189.9634,10.7512,2007-08-10T02:11:52.414980,0.000000672,2.17
GRB 070810B,8.955,8.819,2007-08-10T15:19:17.889760,1.64E-08,
GRB 070911,25.81,-33.48403,2007-09-11T05:57:44.087900,0.0000127,
GRB 070913,228.75542,-24.29306,2007-09-13T00:36:43.987920,0.000000149,
GRB 070917,293.91888,2.41122,2007-09-17T07:33:56.682320,0.00000211,2.4
GRB 070920A,100.959,72.242,2007-09-20T04:00:13.763940,0.000000522,
GRB 070920B,0.13012,-34.85133,2007-09-20T21:04:32.386340,0.000000695,
GRB 070923,184.625,-38.297,2007-09-23T19:15:23.687760,4.92E-08,
GRB 070925,253.21442,-22.02878,2007-09-25T15:52:32,,
GRB 071001,149.7336,-59.7818,2007-10-01T16:31:48.074080,0.000000786,
GRB 071003,301.8505,10.94772,2007-10-03T07:40:55.014420,0.00000835,1.6043
GRB 071006,335.282,-23.152,2007-10-06T06:41:40.128000,,
GRB 071008,151.58863,44.32158,2007-10-08T21:55:56.761900,0.00000025,
GRB 071010A,288.06093,-32.40199,2007-10-10T03:41:12.855120,0.000000202,0.985
GRB 071010B,150.5385,45.73047,2007-10-10T20:45:47.989540,0.00000445,0.947
GRB 071010C,338.078,66.155,2007-10-10T22:20:22.165000,,
GRB 071011,8.38638,61.1346,2007-10-11T12:40:13.844040,0.00000246,
GRB 071013,279.5,33.839,2007-10-13T12:09:19.055540,0.000000322,
GRB 071017,274.718,-16.001,2007-10-17T00:58:00,,
GRB 071018,164.833,53.804,2007-10-18T08:37:41.700440,0.00000105,
GRB 071020,119.66575,32.86122,2007-10-20T07:02:26.944040,0.00000234,2.1462
GRB 071021,340.64296,23.71847,2007-10-21T09:41:33.693520,0.00000136,2.452
GRB 071025,355.07116,31.77858,2007-10-25T04:08:53.685000,0.00000732,4.8
GRB 071028A,119.81933,21.48472,2007-10-28T17:41:01.676940,0.000000325,
GRB 071028B,354.20175,-31.60811,2007-10-28T02:43:46.000000,0.000000496,
GRB 071031,6.4053,-58.05956,2007-10-31T01:06:36.967720,0.000000899,2.6918
GRB 071101,48.17663,62.50058,2007-11-01T17:53:46.595880,7.02E-08,
GRB 071104,295.61175,14.61033,2007-11-04T11:41:23,,
GRB 071109,289.913,2.048,2007-11-09T20:36:05,,
GRB 071112B,260.198,-80.886,2007-11-12T18:23:31.530800,4.75E-08,
GRB 071112C,39.2122,28.3713,2007-11-12T18:32:57.540000,,0.8227
GRB 071117,335.04342,-63.44319,2007-11-17T14:50:06.911640,0.00000243,1.3308
GRB 071118,299.71583,70.12478,2007-11-18T08:57:17.629920,0.000000664,5
GRB 071122,276.60512,47.07536,2007-11-22T01:23:25.621540,0.000000634,1.14
GRB 071129,220.043,-26.667,2007-11-29T00:03:55.301720,0.00000369,3.5
GRB 071227,58.13025,-55.98431,2007-12-27T20:13:47.043260,0.000000505,0.383
GRB 080120,225.26365,-10.87494,2008-01-20T17:28:30,,3.5
GRB 080121,137.245,41.828,2008-01-21T21:29:55.561000,0.000000032,
GRB 080123,338.94308,-64.90089,2008-01-23T04:21:57.402220,1.56E-08,
GRB 080129,105.28417,-7.84619,2008-01-29T06:06:45.464120,0.000000965,4.349
GRB 080130,261.61975,-53.18669,2008-01-30T11:13:02,,
GRB 080205,98.25258,62.79222,2008-02-05T07:55:51.751640,0.00000203,4
GRB 080207,207.51221,7.50219,2008-02-07T21:30:21.441560,,2.0858
GRB 080210,251.26671,13.82664,2008-02-10T07:50:05.435780,0.00000181,2.6419
GRB 080211,43.96208,60.09544,2008-02-11T07:23:40,,
GRB 080212,231.14758,-22.74133,2008-02-12T17:34:33.462080,0.00000305,3.5
GRB 080218A,355.956,12.167,2008-02-18T20:08:42.791800,0.000000619,
GRB 080218B,177.95687,-53.09681,2008-02-18T23:57:47.175420,0.000000497,
GRB 080229A,228.21775,-14.70447,2008-02-29T17:04:59.534140,0.0000091,
GRB 080229B,199.25033,-64.86369,2008-02-29T23:33:01,,
GRB 080303,112.05796,-70.23342,2008-03-03T09:10:35.271760,0.000000668,
GRB 080307,136.62825,35.13889,2008-03-07T11:23:30.814100,0.000000927,3.5
GRB 080310,220.0575,-0.1749,2008-03-10T08:37:58.647320,0.00000231,2.4274
GRB 080315,155.124,41.701,2008-03-15T02:25:01,,
GRB 080319A,206.33337,44.08017,2008-03-19T05:45:42.050320,0.00000445,
GRB 080319B,217.92075,36.30244,2008-03-19T06:12:49.250280,0.000085,0.9382
GRB 080319C,258.98121,55.39183,2008-03-19T12:25:56.961660,0.00000351,1.9492
GRB 080319D,99.47333,23.94283,2008-03-19T17:05:09.345180,0.000000323,
GRB 080320,177.73511,57.15664,2008-03-20T04:37:38.464040,0.000000283,4.5
GRB 080325,277.89267,36.52342,2008-03-25T04:09:17.332080,0.00000485,
GRB 080328,80.48279,47.51094,2008-03-28T08:03:04.588480,0.00000951,2.5
GRB 080330,169.26881,30.62319,2008-03-30T03:41:16.872120,0.000000348,1.5119
GRB 080405,162.59958,-4.28875,2008-04-05T09:18:55.609000,,
GRB 080408,114.66496,33.30414,2008-04-08T18:12:48,,3.5
GRB 080409,84.33038,5.08492,2008-04-09T01:22:57.584260,0.000000562,
GRB 080411,37.97996,-71.30203,2008-04-11T21:15:32.585440,0.0000265,1.0301
GRB 080413A,287.29897,-27.67778,2008-04-13T02:54:19.302440,0.00000352,2.433
GRB 080413B,326.14438,-19.98122,2008-04-13T08:51:12.549840,0.00000325,1.1014
GRB 080414,272.1342,-18.8291,2008-04-14T22:33:32,,
GRB 080426,26.49917,69.4685,2008-04-26T13:23:22.949980,0.000000374,
GRB 080430,165.3115,51.68564,2008-04-30T19:53:02.075640,0.00000117,0.767
GRB 080503,286.61986,68.7932,2008-05-03T12:26:13.429140,0.000002,
GRB 080506,329.42433,38.98503,2008-05-06T17:46:21.229360,0.00000129,3
GRB 080507,233.68079,56.43563,2008-05-07T07:45:00,,
GRB 080514B,322.84463,0.70789,2008-05-14T09:55:56,,2.3
GRB 080515,3.1625,32.57806,2008-05-15T06:01:13.816640,0.00000218,
GRB 080516,120.6415,-26.15933,2008-05-16T00:17:07.030760,0.000000265,3.2
GRB 080517,102.24196,50.73522,2008-05-17T21:22:51.986120,0.000000588,3.5
GRB 080520,280.19292,-54.99194,2008-05-20T22:20:24.778640,5.89E-08,1.5457
GRB 080521,182.183,30.583,2008-05-21T03:58:02,,
GRB 080523,20.79817,-64.031,2008-05-23T21:21:51.299440,0.000000725,3
GRB 080524,268.52,80.137,2008-05-24T04:13:00.163000,0.000000243,
GRB 080602A,19.17571,-9.23219,2008-06-02T01:30:28.077080,0.00000326,
GRB 080602B,4.421,48.57,2008-06-02T09:50:17,,
GRB 080603A,279.40875,62.74407,2008-06-03T11:18:11,,1.688
GRB 080603B,176.53192,68.06111,2008-06-03T19:38:13.288800,0.00000247,2.6892
GRB 080604,236.9654,20.5578,2008-06-04T07:27:01.159600,0.000000789,1.4171
GRB 080605,262.12522,4.01555,2008-06-05T23:47:57.859480,0.0000134,1.6403
GRB 080607,194.94665,15.91965,2008-06-07T06:07:27.008340,0.0000247,3.0368
GRB 080613A,213.27092,5.17319,2008-06-13T09:35:21,,
GRB 080613B,173.798,-7.10503,2008-06-13T11:12:37.968880,0.00000571,
GRB 080623,237.661,-62.04908,2008-06-23T10:25:28.440240,0.00000107,
GRB 080625,298.4044,56.2779,2008-06-25T12:28:31,,
GRB 080701A,45.83858,75.47478,2008-07-01T10:13:37.636600,0.000000741,
GRB 080701B,35.555,39.818,2008-07-01T12:50:05,,
GRB 080702A,313.05083,72.31294,2008-07-02T11:50:43.681940,0.000000038,
GRB 080702B,355.5665,-5.5141,2008-07-02T01:10:38.08,0.000000572,
GRB 080703,101.8027,-63.2192,2008-07-03T19:00:13.598700,0.000000208,
GRB 080707,32.61833,33.10953,2008-07-07T08:27:53.685800,0.000000626,1.2322
GRB 080710,8.27354,19.50147,2008-07-10T07:13:10.798420,0.00000135,0.8454
GRB 080714,188.10621,-60.27758,2008-07-14T17:52:56.643300,0.00000255,
GRB 080721,224.48273,-11.72348,2008-07-21T10:25:16.978500,0.0000141,2.5914
GRB 080723A,274.49054,-6.89958,2008-07-23T04:19:24.398120,0.000000349,
GRB 080723B,176.83317,-60.24096,2008-07-23T13:22:19,,
GRB 080725,121.699,-13.986,2008-07-25T10:26:14.632460,0.00000385,
GRB 080727A,208.39087,-18.54458,2008-07-27T05:57:39.363900,0.000000134,
GRB 080727B,276.85854,1.16325,2008-07-27T08:13:24.959660,0.0000032,5.5
GRB 080727C,32.63408,64.13733,2008-07-27T23:07:35.394100,0.0000053,
GRB 080802,270.72646,-32.33389,2008-08-02T15:12:21.075860,0.00000134,
GRB 080804,328.6675,-53.18461,2008-08-04T23:20:14.670000,0.0000038,2.2045
GRB 080805,314.22267,-62.44439,2008-08-05T07:41:34.733120,0.00000265,1.5042
GRB 080810,356.79379,0.31981,2008-08-10T13:10:12.287980,0.00000464,3.351
GRB 080822B,63.56,25.76,2008-08-22T21:02:52,,
GRB 080825B,209.20092,-68.95514,2008-08-25T17:46:40,,0.83
GRB 080828,199.58754,-65.94011,2008-08-28T03:14:45,,
GRB 080903,86.79188,51.26414,2008-09-03T01:12:23.300160,0.00000146,3.3
GRB 080905A,287.67388,-18.87981,2008-09-05T11:58:54.973940,0.000000141,0.1218
GRB 080905B,301.74121,-62.56306,2008-09-05T16:55:45.405420,0.00000181,2.3739
GRB 080906,228.04438,-80.51756,2008-09-06T13:33:16.347220,0.00000365,2
GRB 080913,65.72808,-25.1295,2008-09-13T06:46:54.122140,0.000000571,6.733
GRB 080915A,17.94854,-76.02036,2008-09-15T00:02:49.957760,0.000000291,
GRB 080915B,213.088,-11.49,2008-09-15T15:53:35.140100,0.00000104,
GRB 080916A,336.27583,-57.02303,2008-09-16T09:45:20.610200,0.00000422,0.6887
GRB 080916B,163.66575,69.06608,2008-09-16T14:44:47.329660,0.000000637,
GRB 080916C,119.84717,-56.63833,2008-09-16T00:12:45,,4.35
GRB 080919,265.22408,-42.36825,2008-09-19T00:05:13.051580,7.25E-08,
GRB 080922,270.838,-22.509,2008-09-22T11:03:36,,
GRB 080928,95.07015,-55.19971,2008-09-28T15:01:32.866720,0.00000242,1.6919
GRB 081001,276.59075,-8.71881,2008-10-01T21:17:42,,
GRB 081003A,262.39013,16.57044,2008-10-03T13:46:12,,
GRB 081003B,285.0256,16.6914,2008-10-03T20:48:08,,
GRB 081007,339.95995,-40.14699,2008-10-07T05:23:52.748620,0.000000761,0.5295
GRB 081008,279.95833,-57.43111,2008-10-08T19:58:09.384500,0.00000426,1.9685
GRB 081011,220.34428,33.54364,2008-10-11T00:28:50.466880,0.000000169,3.8
GRB 081012,30.20071,-17.63811,2008-10-12T13:10:23.902940,0.00000112,
GRB 081016A,255.57033,-23.33556,2008-10-16T06:51:31,,
GRB 081016B,14.56433,-43.53014,2008-10-16T19:47:14.515960,0.000000108,
GRB 081017,230.221,-32.784,2008-10-17T23:38:12.816960,0.00000142,
GRB 081022,226.582,12.409,2008-10-22T14:23:48.804900,0.00000259,
GRB 081024A,27.87421,61.33119,2008-10-24T05:53:08.864600,0.000000127,
GRB 081024B,322.9,21.204,2008-10-24T21:22:41,,
GRB 081025,245.36646,60.47539,2008-10-25T08:23:16.18,0.00000195,
GRB 081028,121.89471,2.30808,2008-10-28T00:25:00.790760,0.00000395,3.038
GRB 081029,346.77229,-68.15549,2008-10-29T01:43:56.788020,0.00000214,3.8479
GRB 081101,95.835,-0.105,2008-11-01T11:46:31.979160,0.000000068,
GRB 081102,331.17325,52.99442,2008-11-02T17:44:39.527920,0.00000227,
GRB 081104,100.48804,-54.71989,2008-11-04T09:34:42.467620,0.0000021,
GRB 081105,3.95221,3.47014,2008-11-05T13:31:46.529000,,
GRB 081109,330.7905,-54.71097,2008-11-09T07:02:06.614940,0.000004,3.5
GRB 081109B,350.132,-55.912,2008-11-09T13:47:16,,
GRB 081118,82.59242,-43.30147,2008-11-18T14:56:36.734580,0.00000115,2.58
GRB 081121,89.27563,-60.60278,2008-11-21T20:35:32.854060,0.00000423,2.512
GRB 081126,323.51496,48.71064,2008-11-26T21:34:10.280820,0.00000345,2.4
GRB 081127,332.06437,6.85064,2008-11-27T07:05:08.903800,0.000000402,
GRB 081128,20.80429,38.12714,2008-11-28T17:18:44.708060,0.00000232,5
GRB 081203A,233.03158,63.52078,2008-12-03T13:57:11.575340,0.00000783,2.05
GRB 081203B,228.79863,44.42859,2008-12-03T13:51:58.69,,
GRB 081204,349.78938,-60.22489,2008-12-04T16:44:55,,
GRB 081210,70.48417,-11.25741,2008-12-10T20:19:34.212340,0.00000186,
GRB 081211A,328.11654,-33.83565,2008-12-11T11:48:10.690660,0.00000013,
GRB 081211B,168.26404,53.82992,2008-12-11T06:15:02.00,0.000000682,
GRB 081221,15.79271,-24.54814,2008-12-21T16:21:11.847580,0.0000189,0.7
GRB 081222,22.73996,-34.09486,2008-12-22T04:53:59.974180,0.00000522,2.77
GRB 081224,206.2,73.3,2008-12-24T21:17:55.41,,
GRB 081226A,120.50137,-69.02956,2008-12-26T01:03:37.372040,9.15E-08,
GRB 081226B,25.495,-47.439,2008-12-26T12:13:11,,
GRB 081228,39.46225,30.85292,2008-12-28T01:17:40.758740,9.27E-08,3.44
GRB 081230,37.33129,-25.14721,2008-12-30T20:36:12.623340,0.000000918,2.03
GRB 090102,128.24392,33.11419,2009-01-02T02:55:44.865380,0.00000706,1.547
GRB 090107A,302.408,4.747,2009-01-07T04:48:04.308060,0.000000231,
GRB 090107B,284.81733,59.59528,2009-01-07T16:20:36,,
GRB 090111,251.67521,0.07756,2009-01-11T23:58:21.703320,0.000000666,
GRB 090113,32.0575,33.42842,2009-01-13T18:40:39.170560,0.000000775,1.7493
GRB 090117A,164.04367,-58.2335,2009-01-17T15:21:54,,
GRB 090118,49.82825,18.41533,2009-01-18T13:55:17.18,0.000000496,
GRB 090123,6.78639,-23.50113,2009-01-23T07:51:56.329040,0.0000029,
GRB 090126A,3.65983,81.37342,2009-01-26T02:01:15,,
GRB 090129,269.105,-32.793,2009-01-29T21:07:15.287600,0.00000221,
GRB 090201,92.052,-46.59006,2009-02-01T17:47:02.735980,0.0000314,
GRB 090205,220.91104,-27.85297,2009-02-05T23:03:14.820740,0.000000173,4.6497
GRB 090217,204.9,-8.4,2009-02-17T04:56:42,,
GRB 090301A,338.142,26.639,2009-03-01T06:55:55.141940,0.0000241,
GRB 090305A,241.78171,-31.55608,2009-03-05T05:19:51.035240,7.54E-08,
GRB 090306B,231.20821,-6.968,2009-03-06T23:08:17.19,0.00000327,
GRB 090307,244.99396,-28.6335,2009-03-07T03:46:37.877980,0.000000268,
GRB 090308,183.50067,-48.81675,2009-03-08T18:01:23.441660,0.00000022,
GRB 090309,284.97371,-25.26133,2009-03-09T23:29:13.262340,0.00000014,
GRB 090313,198.40088,8.097,2009-03-13T09:06:27.429120,0.00000151,3.3736
GRB 090323,190.70955,17.05331,2009-03-23T00:02:42.63,,3.568
GRB 090328A,90.66529,-41.88161,2009-03-28T09:36:46,,0.7354
GRB 090401A,350.921,29.763,2009-04-01T00:00:59.378700,0.0000112,
GRB 090401B,95.08775,-8.97199,2009-04-01T08:35:24.865740,0.0000107,3
GRB 090404,239.23967,35.51597,2009-04-04T15:56:30.440760,0.00000312,
GRB 090407,68.97946,-12.67919,2009-04-07T10:28:25.633160,0.00000114,1.4485
GRB 090410,334.958,15.421,2009-04-10T16:57:52.856200,0.00000585,
GRB 090417A,34.993,-7.146,2009-04-17T13:17:23.793440,2.23E-08,
GRB 090417B,209.6945,47.01797,2009-04-17T15:20:03.333200,0.00000225,0.345
GRB 090418A,269.31321,33.40587,2009-04-18T11:07:40.226940,0.00000466,1.608
GRB 090418B,225.91,17.22,2009-04-18T09:00:21.18,0.0000167,
GRB 090419,196.92971,-75.60622,2009-04-19T13:43:31.327920,0.0000027,
GRB 090422,294.74958,40.38422,2009-04-22T03:35:16.764880,0.000000237,
GRB 090423,148.88871,18.14939,2009-04-23T07:55:19.349660,0.000000625,8.23
GRB 090424,189.52125,16.83742,2009-04-24T14:12:09.330200,0.0000218,0.544
GRB 090426,189.07529,32.986,2009-04-26T12:48:47.212900,0.000000185,2.609
GRB 090429A,90.55537,-52.38742,2009-04-29T04:53:39.877600,0.00000109,
GRB 090429B,210.66688,32.17064,2009-04-29T05:30:03.365540,0.000000329,9.4
GRB 090509,241.41246,-28.39964,2009-05-09T05:10:03.594140,0.00000331,3
GRB 090510,333.55233,-26.58306,2009-05-10T00:23:00.487940,0.000000617,0.903
GRB 090515,164.15125,14.44189,2009-05-15T04:45:09.525600,2.23E-08,
GRB 090516,138.26092,-11.85428,2009-05-16T08:27:50.774420,0.00000917,4.109
GRB 090518,119.95458,0.75933,2009-05-18T01:54:44.273640,0.000000656,
GRB 090519,142.27917,0.18031,2009-05-19T21:08:56.428660,0.00000118,3.85
GRB 090520,11.62,-8,2009-05-20T01:37:16.716000,,
GRB 090529A,212.46892,24.45894,2009-05-29T14:12:35.217820,,2.625
GRB 090530,179.41873,26.594,2009-05-30T03:18:18.384300,0.00000109,1.28
GRB 090531A,178.664,7.83,2009-05-31T01:45:17.389720,0.00000154,
GRB 090531B,252.07467,-36.03436,2009-05-31T18:35:56.171780,0.000000613,
GRB 090607,191.16771,44.10583,2009-06-07T05:30:17.401940,0.000000114,
GRB 090618,293.99456,78.35676,2009-06-18T08:28:29.851180,0.000109,0.54
GRB 090621A,11.02133,61.94108,2009-06-21T04:22:43.155300,,
GRB 090621B,313.47067,69.02817,2009-06-21T22:07:25.649220,7.32E-08,
GRB 090625B,2.26442,-65.78036,2009-06-25T13:26:21,,
GRB 090628,237.05321,-15.98467,2009-06-28T21:20:12.029720,0.000000904,
GRB 090702,175.89746,11.50181,2009-07-02T10:40:37,,
GRB 090708,154.635,26.612,2009-07-08T03:38:15.267780,0.000000501,
GRB 090709A,289.92767,60.72758,2009-07-09T07:38:34.592520,0.0000253,
GRB 090709B,93.506,64.074,2009-07-09T15:07:42.879640,0.00000147,
GRB 090712,70.094,22.525,2009-07-12T03:51:05.176560,0.00000388,
GRB 090715A,152.115,10.005,2009-07-15T17:25:39.150560,0.000000952,
GRB 090715B,251.34029,44.83917,2009-07-15T21:03:14.638140,0.00000567,3
GRB 090720A,203.68054,-10.33469,2009-07-20T06:38:07.426000,0.000000883,
GRB 090726,248.67935,72.88467,2009-07-26T22:42:27.759160,0.000000787,2.71
GRB 090727,315.96083,64.925,2009-07-27T22:42:18.028360,0.00000142,
GRB 090728,29.6525,41.63322,2009-07-28T14:45:45.962500,0.00000109,
GRB 090807A,273.74404,10.26594,2009-08-07T15:00:27.022480,0.00000218,
GRB 090809A,328.67994,-0.08384,2009-08-09T17:31:14.504600,0.000000365,2.737
GRB 090812,353.20229,-10.60472,2009-08-12T06:02:08.897520,0.00000573,2.452
GRB 090813,225.78533,88.56819,2009-08-13T04:10:43.154900,0.00000133,
GRB 090814A,239.60979,25.63122,2009-08-14T00:52:19.004460,0.00000127,2.2
GRB 090814B,64.75737,60.59033,2009-08-14T01:21:33,,
GRB 090815C,64.498,-65.945,2009-08-15T23:21:39.254980,4.47E-08,
GRB 090817,63.96579,44.12881,2009-08-17T00:51:33,,
GRB 090823,128.67758,60.65056,2009-08-23T16:11:12,,
GRB 090827,18.451,-50.89639,2009-08-27T19:06:24.342000,0.00000119,
GRB 090831C,108.29429,-25.11867,2009-08-31T21:30:25.929900,0.000000381,
GRB 090902B,264.93921,27.32419,2009-09-02T11:05:08,,1.8829
GRB 090904A,100.88471,50.20344,2009-09-04T01:01:06.945020,0.00000289,
GRB 090904B,264.18579,-25.21292,2009-09-04T01:24:18.112980,0.0000127,
GRB 090912,188.04292,61.48464,2009-09-12T15:50:29.864660,0.00000448,
GRB 090915,238.02016,15.48772,2009-09-15T15:35:36.000,0.000000605,
GRB 090916,126.582,25.941,2009-09-16T07:00:44.126400,0.000000938,
GRB 090926A,353.40015,-66.32407,2009-09-26T04:20:27,,2.1062
GRB 090926B,46.30808,-39.00617,2009-09-26T21:55:48.416220,0.00000713,1.24
GRB 090927,343.97258,-70.98043,2009-09-27T10:07:16.926760,0.000000198,1.37
GRB 090929A,56.494,-5.952,2009-09-29T04:33:04,,
GRB 090929B,117.72017,-0.65756,2009-09-29T10:09:07.257040,0.00000582,
GRB 091003,251.51953,36.62521,2009-10-03T04:35:46,,0.8969
GRB 091010,298.66558,-22.51806,2009-10-10T02:43:09,,
GRB 091018,32.18588,-57.54827,2009-10-18T20:48:19.585200,0.00000143,0.971
GRB 091020,175.73,50.97833,2009-10-20T21:36:44.667340,0.0000038,1.71
GRB 091024,339.24875,56.88983,2009-10-24T08:56:01.265340,0.00000598,1.092
GRB 091026,276.57429,-86.11156,2009-10-26T13:11:30.155080,0.00000203,
GRB 091029,60.17745,-55.95557,2009-10-29T03:53:22.595560,0.00000241,2.752
GRB 091102,72.61554,-72.51969,2009-11-02T14:34:38.358760,0.000000525,
GRB 091104,208.75604,47.41075,2009-11-04T08:49:22.769700,0.000000761,
GRB 091109A,309.25749,-44.15822,2009-11-09T04:57:43.363760,0.00000164,3.076
GRB 091109B,112.73587,-54.08968,2009-11-09T21:49:03.157720,0.000000195,
GRB 091111,137.825,-45.92547,2009-11-11T15:21:59,,
GRB 091112,257.753,-36.729,2009-11-12T17:41:21.081480,0.00000209,
GRB 091117A,30.966,-16.943,2009-11-17T17:44:22.891000,0.000000432,
GRB 091127,36.58288,-18.95239,2009-11-27T23:25:45.805160,0.00000844,0.4903
GRB 091130B,203.14829,34.08878,2009-11-30T17:59:04.773120,0.00000146,
GRB 091202,138.83229,62.54972,2009-12-02T23:10:12,,
GRB 091208A,0.274,65.67,2009-12-08T08:46:00.559040,0.0000018,
GRB 091208B,29.39204,16.88967,2009-12-08T09:49:57.998900,0.0000032,1.0633
GRB 091221,55.7975,23.24119,2009-12-21T20:52:52.295660,0.00000565,
GRB 091230,132.91325,-53.89797,2009-12-30T06:27:30,,
GRB 100103A,112.37296,-34.48992,2010-01-03T17:42:32,,
GRB 100111A,247.04833,15.55064,2010-01-11T04:12:49.036100,0.000000667,
GRB 100115A,3.36687,-0.82567,2010-01-15T11:15:19,,
GRB 100117A,11.26942,-1.59497,2010-01-17T21:06:19.576420,0.000000093,0.915
GRB 100119A,299.308,-53.149,2010-01-19T18:25:25.746880,0.0000145,
GRB 100203A,96.225,4.793,2010-02-03T18:31:07,,
GRB 100205A,141.38758,31.74028,2010-02-05T04:18:43.074340,0.000000398,11
GRB 100206A,47.16262,13.15703,2010-02-06T13:30:05.374220,0.00000014,
GRB 100212A,356.41762,49.49464,2010-02-12T14:07:22.028320,0.00000109,
GRB 100213A,349.39183,43.37903,2010-02-13T22:27:48.212320,0.00000026,
GRB 100213B,124.28308,43.44859,2010-02-13T22:58:34.216240,0.00000117,0.604
GRB 100216A,154.263,35.524,2010-02-16T10:07:00,0.000000047,
GRB 100219A,154.20204,-12.56681,2010-02-19T15:15:46.455360,0.000000428,4.6667
GRB 100302A,195.51612,74.59014,2010-03-02T19:53:06.422100,0.000000298,4.813
GRB 100305A,168.36792,42.40292,2010-03-05T09:05:38.414420,0.00000146,
GRB 100316A,251.97875,71.82708,2010-03-16T02:23:00.430180,0.000000824,
GRB 100316B,163.48809,-45.47265,2010-03-16T08:01:36.973480,0.000000205,1.18
GRB 100316C,32.28725,-67.99144,2010-03-16T08:57:59.501360,0.000000173,3.5
GRB 100316D,107.62725,-56.25556,2010-03-16T12:44:50.380880,0.00000342,0.059
GRB 100322B,76.489,42.685,2010-03-22T07:06:18,0.00000005,
GRB 100324A,98.612,-9.735,2010-03-24T00:21:27,0.00000007,
GRB 100331A,261.0831,-58.943,2010-03-31T00:30:30,,
GRB 100331B,303.02142,-11.10811,2010-03-31T21:08:38,,
GRB 100401A,290.813,-8.257,2010-04-01T07:07:32,0.000000036,
GRB 100413A,266.2215,15.83422,2010-04-13T17:33:28.376380,0.00000616,3.9
GRB 100413B,356.8264,51.2704,2010-04-13T08:42:41,0.00000043,
GRB 100414A,192.11233,8.69303,2010-04-14T02:20:21,,1.368
GRB 100418A,256.36287,11.46175,2010-04-18T21:10:08.040780,0.000000329,0.6235
GRB 100420A,296.12737,55.76944,2010-04-20T05:22:42.276700,0.000000451,
GRB 100423A,136.45925,21.49842,2010-04-23T00:34:59.164220,0.00000853,
GRB 100424A,209.44762,1.53858,2010-04-24T16:32:42.263180,0.00000135,
GRB 100425A,299.19637,-26.43058,2010-04-25T02:50:45.077880,0.000000513,1.755
GRB 100427A,89.171,-3.461,2010-04-27T08:31:55,,
GRB 100504A,255.57137,-35.58728,2010-05-04T19:20:59.512540,0.00000237,
GRB 100508A,76.24579,-20.71142,2010-05-08T09:20:42.221700,0.000000792,
GRB 100513A,169.61167,3.62778,2010-05-13T02:07:08.767460,0.00000133,4.772
GRB 100514A,328.82275,29.16004,2010-05-14T18:53:58.170320,0.000000377,
GRB 100518A,304.78888,-24.55458,2010-05-18T11:33:35,,4
GRB 100522A,6.98654,9.40175,2010-05-22T03:45:52.323860,0.00000208,
GRB 100526A,230.76904,25.63219,2010-05-26T16:26:10.166000,0.00000255,
GRB 100526B,0.73483,-37.91289,2010-05-26T19:00:38.517680,0.000000531,
GRB 100528A,311.1413,27.8066,2010-05-28T01:48:05,,
GRB 100606A,350.62658,-66.24133,2010-06-06T19:12:41.811980,0.00000639,
GRB 100614A,263.49937,49.23414,2010-06-14T21:38:26.107200,0.00000271,
GRB 100615A,177.20558,-19.48111,2010-06-15T01:59:03.994640,0.00000495,
GRB 100619A,84.62229,-27.00556,2010-06-19T00:21:07.246620,0.00000455,
GRB 100621A,315.3045,-51.10625,2010-06-21T03:03:32.840140,0.0000194,0.542
GRB 100625A,15.79546,-39.08844,2010-06-25T18:32:28.377940,0.000000703,
GRB 100628A,225.97279,-31.6635,2010-06-28T08:16:40.830060,1.52E-08,
GRB 100702A,245.69704,-56.53108,2010-07-02T01:03:47.206620,0.000000116,
GRB 100704A,133.6415,-24.20281,2010-07-04T03:35:08.736120,0.00000572,3.6
GRB 100713A,255.20154,28.39425,2010-07-13T14:36:06,,
GRB 100719A,112.319,-5.857,2010-07-19T03:30:57.937820,0.000000531,
GRB 100724A,194.54333,-11.1025,2010-07-24T00:42:19.202780,0.000000156,1.288
GRB 100724B,124.16,74.42,2010-07-24T00:42:05,,
GRB 100725A,166.48158,-26.67047,2010-07-25T07:12:52.414860,0.00000204,
GRB 100725B,290.03337,76.95644,2010-07-25T11:24:34.494340,0.00000684,
GRB 100727A,154.17775,-21.39061,2010-07-27T05:42:17.784900,0.0000012,
GRB 100728A,88.75838,-15.25567,2010-07-28T02:18:24.246260,0.0000378,
GRB 100728B,44.05611,0.28116,2010-07-28T10:31:55.829200,0.00000167,2.106
GRB 100802A,2.46825,47.75522,2010-08-02T05:45:36.166420,0.00000353,
GRB 100805A,299.87713,52.62783,2010-08-05T04:12:42.269380,0.000000509,1.3
GRB 100807A,55.30179,67.6715,2010-08-07T09:13:13.622520,0.000000295,
GRB 100814A,22.47338,-17.99545,2010-08-14T03:50:11.265420,0.00000898,1.44
GRB 100816A,351.73992,26.57853,2010-08-16T00:37:51.355600,0.00000184,0.8035
GRB 100823A,20.70429,5.83511,2010-08-23T17:25:35.715620,0.000000408,
GRB 100901A,27.26424,22.75856,2010-09-01T13:34:10.376100,0.00000193,1.408
GRB 100902A,48.629,30.97911,2010-09-02T19:31:53.860200,0.00000309,4.5
GRB 100904A,172.907,-16.185,2010-09-04T01:33:43.808300,0.00000125,
GRB 100905A,31.55017,14.92953,2010-09-05T15:08:14.715440,0.000000173,
GRB 100906A,28.68383,55.63036,2010-09-06T13:49:27.416480,0.0000117,1.727
GRB 100909A,73.94942,54.65892,2010-09-09T09:04:00,,
GRB 100915A,315.69462,65.67297,2010-09-15T01:31:05.822060,0.00000146,
GRB 100915B,85.3944,25.0949,2010-09-15T05:49:39,,
GRB 100917A,289.25,-17.12,2010-09-17T05:03:25.783360,0.00000086,
GRB 100924A,0.67608,7.00078,2010-09-24T03:58:08.897460,0.00000756,
GRB 100928A,223.037,-28.542,2010-09-28T02:19:52.757060,0.000000349,
GRB 101008A,328.87529,37.06711,2010-10-08T16:43:15.219700,0.00000113,
GRB 101011A,48.29487,-65.98167,2010-10-11T16:58:35.338240,0.00000138,
GRB 101017A,291.38565,-35.14482,2010-10-17T10:32:47.416220,0.0000169,
GRB 101020A,189.607,23.129,2010-10-20T23:40:41.709060,0.00000259,
GRB 101023A,317.9636,-65.38769,2010-10-23T22:50:12.387740,0.0000273,
GRB 101024A,66.50733,-77.26546,2010-10-24T11:39:29.826060,0.00000145,2
GRB 101030A,166.382,-16.37808,2010-10-30T15:56:29.902620,0.00000289,
GRB 101112A,292.22857,39.35296,2010-11-12T22:10:24,,
GRB 101114A,303.21133,14.033,2010-11-14T00:32:50,0.0000008,
GRB 101117B,173.00225,-72.66275,2010-11-17T19:13:23.925160,0.00000111,3
GRB 101129A,155.921,-17.645,2010-11-29T15:39:31,0.00000009,
GRB 101201A,1.96746,-16.18484,2010-12-01T10:01:48,,
GRB 101204A,167.53683,-20.42014,2010-12-04T23:53:29,0.0000012,
GRB 101213A,241.31383,21.89744,2010-12-13T10:49:23.075680,0.00000497,0.414
GRB 101219A,74.58537,-2.53972,2010-12-19T02:31:29.757600,0.00000042,0.718
GRB 101219B,12.23061,-34.56652,2010-12-19T16:27:53.519740,0.00000266,0.5519
GRB 101224A,285.92408,45.71375,2010-12-24T05:27:13.761240,6.85E-08,
GRB 101225A,0.19792,44.60067,2010-12-25T18:37:45.500280,0.00000183,0.874
GRB 110102A,245.88087,7.61383,2011-01-02T18:52:25.474700,0.0000165,2.5
GRB 110106A,79.30621,64.17358,2011-01-06T15:25:16.214380,0.000000293,
GRB 110106B,134.15528,47.00291,2011-01-06T21:26:17.013580,0.00000205,0.618
GRB 110107A,299.90929,41.91428,2011-01-07T21:15:51,0.0000058,
GRB 110112A,329.9325,26.45719,2011-01-12T04:12:18.468660,2.79E-08,
GRB 110112B,10.599,64.406,2011-01-12T22:24:55,,
GRB 110119A,348.58587,5.98626,2011-01-19T22:20:58.379640,0.00000703,
GRB 110128A,193.89625,28.06503,2011-01-28T01:44:33.009360,0.000000718,2.339
GRB 110201A,137.58212,88.60561,2011-02-01T09:35:08.899340,0.000000682,
GRB 110205A,164.62958,67.52525,2011-02-05T02:02:41.367420,0.0000171,2.22
GRB 110206A,92.3335,-58.80692,2011-02-06T18:08:05,,
GRB 110207A,12.54,-10.79,2011-02-07T11:17:20.015680,0.00000159,
GRB 110208A,22.46192,-20.59264,2011-02-08T21:10:46.347120,0.000000269,
GRB 110210A,13.05679,7.77975,2011-02-10T09:52:41.350180,0.00000096,
GRB 110212A,69.025,43.716,2011-02-12T01:09:08.736900,0.000000253,
GRB 110213A,42.96413,49.27321,2011-02-13T05:17:29.533120,0.00000587,1.46
GRB 110213B,41.75604,1.14625,2011-02-13T14:31:48,,1.083
GRB 110223A,345.85217,87.55786,2011-02-23T20:56:59.226720,0.00000016,
GRB 110223B,150.23325,-68.30167,2011-02-23T21:25:48.058660,0.000000585,
GRB 110305A,260.88042,-15.80244,2011-03-05T06:38:01.212340,0.000000786,
GRB 110312A,157.48125,-5.26242,2011-03-12T17:55:37.252080,0.000000823,
GRB 110315A,279.19517,17.53897,2011-03-15T23:57:04.537480,0.00000406,
GRB 110318A,338.292,-15.278,2011-03-18T13:14:19.601160,0.00000485,
GRB 110318B,211.67817,-51.57881,2011-03-18T15:27:09.712860,0.000000279,
GRB 110319A,356.50287,-66.01122,2011-03-19T02:16:41.615380,0.00000143,
GRB 110319B,326.09479,-56.78242,2011-03-19T19:34:02,0.000001,
GRB 110402A,197.40267,61.25269,2011-04-02T00:12:57.186040,0.0000034,1
GRB 110407A,186.03139,15.71184,2011-04-07T14:06:41.167860,0.00000164,
GRB 110411A,291.44021,67.71086,2011-04-11T19:34:11.842080,0.0000033,
GRB 110412A,133.491,13.488,2011-04-12T07:33:21.152460,0.0000017,
GRB 110414A,97.87292,24.36242,2011-04-14T07:42:14.521920,0.00000393,
GRB 110420A,2.16363,-37.88664,2011-04-20T11:02:24.037860,0.00000612,1.6
GRB 110420B,320.045,-41.277,2011-04-20T22:42:11.716260,0.000000029,
GRB 110422A,112.04608,75.10694,2011-04-22T15:41:55.870640,0.0000367,1.77
GRB 110426A,221.088,-11.153,2011-04-26T15:06:26,,
GRB 110428A,5.46017,64.81544,2011-04-28T09:18:29,,
GRB 110503A,132.77588,52.20762,2011-05-03T17:35:45.530200,0.0000102,1.613
GRB 110519A,261.638,-23.426,2011-05-19T02:12:16.711700,0.00000399,
GRB 110520A,134.34074,56.42735,2011-05-20T20:28:48.193920,0.00000107,
GRB 110521A,120.13296,45.82692,2011-05-21T15:51:31.455260,0.000000672,
GRB 110530A,282.06833,61.92913,2011-05-30T15:31:02.689700,0.000000505,2.7
GRB 110604A,270.85925,18.39928,2011-06-04T14:49:46,,
GRB 110608A,315.2812,32.0413,2011-06-08T16:02:03.5,,
GRB 110610A,308.17808,74.825,2011-06-10T15:21:32.029260,0.00000492,
GRB 110625A,286.73167,6.75378,2011-06-25T21:08:28.426680,0.0000282,
GRB 110708A,340.1135,53.96211,2011-07-08T04:43:22,,
GRB 110709A,238.89142,40.92419,2011-07-09T15:24:29.148680,0.0000101,
GRB 110709B,164.65464,-23.45466,2011-07-09T21:32:39.835840,0.0000498,
GRB 110715A,237.68369,-46.23515,2011-07-15T13:13:50.984920,0.0000118,0.82
GRB 110719A,24.58083,34.58628,2011-07-19T06:09:11.868540,0.00000162,
GRB 110721A,333.4,-39,2011-07-21T04:47:43.75,,
GRB 110726A,286.71693,56.0713,2011-07-26T01:30:40.549800,0.000000218,1.036
GRB 110731A,280.50413,-28.53717,2011-07-31T11:09:30.451760,0.00000596,2.83
GRB 110801A,89.43695,80.95592,2011-08-01T19:49:42.991200,0.00000472,1.858
GRB 110802A,44.455,32.593,2011-08-02T15:19:17,,
GRB 110808A,57.2678,-44.19448,2011-08-08T06:18:54.201560,0.000000327,1.348
GRB 110815A,85.297,32.442,2011-08-15T09:40:57,,
GRB 110818A,317.33767,-63.98119,2011-08-18T20:37:49.205860,0.00000399,3.36
GRB 110820A,343.19208,70.29864,2011-08-20T17:38:27.791540,0.00000082,
GRB 110825A,44.896,15.407,2011-08-25T02:26:50,,
GRB 110827A,164.059,53.817,2011-08-27T00:01:52.506420,0.000000181,
GRB 110903A,197.06592,58.98161,2011-09-03T02:39:55,,
GRB 110906A,296.915,-26.231,2011-09-06T12:25:13,,
GRB 110915A,310.82454,-0.72317,2011-09-15T13:20:44.408340,0.00000578,
GRB 110915B,77.55467,1.93281,2011-09-15T18:24:19,,
GRB 110918A,32.53912,-27.10544,2011-09-18T21:26:57,,0.984
GRB 110921A,294.09783,36.32872,2011-09-21T13:51:20.163880,0.00000239,
GRB 110928A,257.73267,36.53572,2011-09-28T01:51:31.789800,0.000000699,
GRB 111005A,223.28242,-19.73672,2011-10-05T08:05:14.229140,0.00000062,
GRB 111008A,60.451,-32.70928,2011-10-08T22:12:58.280940,0.00000535,4.9898
GRB 111016A,153.83429,27.46222,2011-10-16T18:37:04.526260,0.00000403,
GRB 111018A,271.48867,-3.90725,2011-10-18T17:26:24.519600,0.000000401,
GRB 111020A,287.05209,-38.01183,2011-10-20T06:33:49.058300,6.46E-08,
GRB 111022A,275.86483,-23.67322,2011-10-22T16:07:04.954100,0.0000019,
GRB 111022B,108.96483,49.68381,2011-10-22T17:13:04.505940,0.000000898,
GRB 111026A,244.256,-47.435,2011-10-26T06:47:29.005720,0.000000167,
GRB 111029A,44.78363,57.11097,2011-10-29T09:44:40.483020,0.000000422,
GRB 111103A,327.111,-10.532,2011-11-03T10:35:13.489780,0.00000139,
GRB 111103B,265.69329,1.61006,2011-11-03T10:59:03.953720,0.00000796,
GRB 111107A,129.47775,-66.52009,2011-11-07T00:50:24.005480,0.000000883,2.893
GRB 111109A,118.20358,-41.5845,2011-11-09T02:57:46.046320,0.000000244,
GRB 111117A,12.69274,23.01111,2011-11-17T12:13:41.921600,0.000000145,
GRB 111121A,154.76121,-46.67072,2011-11-21T16:26:24.635300,0.0000022,
GRB 111123A,154.84637,-20.64472,2011-11-23T18:13:21.100200,0.00000732,
GRB 111126A,276.057,51.461,2011-11-26T18:57:42,0.00000007,
GRB 111129A,307.43396,-52.71293,2011-11-29T16:18:14.327920,0.00000018,
GRB 111201A,190.478,32.98719,2011-12-01T14:22:45,0.00000046,
GRB 111204A,336.62838,-31.37481,2011-12-04T13:37:28.359180,0.000000466,
GRB 111205A,134.67929,-31.94328,2011-12-05T13:10:50,,
GRB 111207A,92.924,-39.504,2011-12-07T14:16:59,,
GRB 111208A,290.22433,40.67617,2011-12-08T08:28:11,0.00000098,
GRB 111209A,14.34429,-46.80106,2011-12-09T07:19:12.342960,0.0000361,0.677
GRB 111210A,191.47675,-7.16603,2011-12-10T14:37:03.186460,0.000000164,
GRB 111211A,153.09033,11.20814,2011-12-11T22:17:33,,0.478
GRB 111212A,310.43154,-68.61242,2011-12-12T09:23:07.084300,0.0000014,
GRB 111215A,349.55546,32.49422,2011-12-15T14:04:08.321280,0.00000268,
GRB 111215B,222.403,16.439,2011-12-15T20:28:06,,
GRB 111222A,179.22008,69.07096,2011-12-22T14:51:55,,
GRB 111225A,13.1551,51.57208,2011-12-25T03:50:37.792220,0.00000131,
GRB 111228A,150.06684,18.29783,2011-12-28T15:44:43.604140,0.00000855,0.7163
GRB 111229A,76.28692,-84.71085,2011-12-29T22:37:52.271700,0.000000332,1.3805
GRB 120102A,276.22456,24.71309,2012-01-02T02:15:55.012820,0.00000434,
GRB 120106A,66.10754,64.03836,2012-01-06T14:16:24.245280,0.000000975,
GRB 120107A,246.31,-69.93,2012-01-07T09:12:15,,
GRB 120114A,317.9043,57.0358,2012-01-14T16:20:09,,
GRB 120116A,16.241,33.93086,2012-01-16T18:06:28.050200,0.00000289,
GRB 120118B,124.871,-7.18475,2012-01-18T17:00:21.195400,0.000002,
GRB 120119A,120.02889,-9.08159,2012-01-19T04:04:30.217780,0.0000172,1.728
GRB 120121A,249.35429,-23.96144,2012-01-21T09:42:19.266000,0.0000011,
GRB 120202A,203.5065,22.7747,2012-02-02T21:40:17,,
GRB 120211A,87.75379,-24.7754,2012-02-11T11:58:28.088540,0.00000083,
GRB 120212A,43.1002,-18.02062,2012-02-12T09:11:22.741460,0.000000513,
GRB 120213A,301.01207,65.41128,2012-02-13T00:27:19.539240,0.00000186,
GRB 120215A,30.04786,8.802,2012-02-15T00:41:15.308260,0.000000401,
GRB 120218A,319.7641,-25.4626,2012-02-18T00:49:22.145800,0.00000532,
GRB 120219A,129.79004,51.03208,2012-02-19T14:30:08.092340,0.000000542,
GRB 120224A,40.94222,-17.76129,2012-02-24T04:39:56.492380,0.000000239,
GRB 120226A,300.05,48.81,2012-02-26T20:54:17.03,,
GRB 120229A,20.033,-35.796,2012-02-29T14:35:11.161400,4.05E-08,
GRB 120302A,122.39825,29.62797,2012-03-02T01:55:39,0.00000066,
GRB 120305A,47.53649,28.49171,2012-03-05T19:37:30.107140,0.000000201,
GRB 120308A,219.08354,79.68672,2012-03-08T06:13:38.654560,0.00000117,4
GRB 120311A,273.09236,14.29619,2012-03-11T05:33:38.324140,0.000000308,3
GRB 120311B,258.56213,-13.05146,2012-03-11T15:08:10.834740,0.00000102,
GRB 120312A,251.78846,23.85803,2012-03-12T16:06:28.751080,0.000000568,
GRB 120320A,212.51758,8.69644,2012-03-20T11:56:15.603640,0.000000611,
GRB 120324A,291.07845,24.12972,2012-03-24T05:59:11.334480,0.00000988,
GRB 120326A,273.90471,69.25972,2012-03-26T01:20:29.280140,0.00000258,1.798
GRB 120327A,246.8645,-29.41493,2012-03-27T02:55:16.636400,0.00000361,2.813
GRB 120328A,241.61391,-39.33574,2012-03-28T03:06:19.032840,0.000000474,
GRB 120401A,58.08258,-17.63569,2012-04-01T05:24:15.946360,0.000000903,
GRB 120403A,42.458,40.489,2012-04-03T01:05:23.587920,9.96E-08,
GRB 120403B,55.27819,-89.00861,2012-04-03T20:33:56.481060,0.000000208,
GRB 120404A,235.0095,12.88503,2012-04-04T12:51:02.398680,0.0000015,2.876
GRB 120419A,187.38762,-63.00791,2012-04-19T12:56:25,,
GRB 120422A,136.91008,14.01864,2012-04-22T07:12:03,0.000000239,0.283
GRB 120426A,111.537,-65.631,2012-04-26T02:09:14,,
GRB 120510A,44.285,72.85,2012-05-10T08:47:44,,
GRB 120514A,283.00076,-4.26357,2012-05-14T01:12:49,0.00000284,
GRB 120521A,148.72464,-49.41734,2012-05-21T05:59:42,0.000000078,
GRB 120521B,197.00992,-52.75465,2012-05-21T09:07:48,0.00000216,
GRB 120521C,214.28668,42.14478,2012-05-21T23:22:07,0.00000115,6
GRB 120612A,126.72166,-17.57474,2012-06-12T02:05:19,0.00000122,
GRB 120614A,312.73,65.16,2012-06-14T05:49:10,,
GRB 120622A,205.43,-1.71,2012-06-22T03:21:46,,
GRB 120624B,170.88462,8.92856,2012-06-24T22:19:51,0.0000283,0.3
GRB 120630A,352.2948,42.5548,2012-06-30T23:17:33.768,6.14E-08,
GRB 120701A,80.348,-58.54953,2012-07-01T07:50:41.57,0.0000014,
GRB 120703A,339.35671,-29.72325,2012-07-03T17:25:22,0.00000364,
GRB 120709A,318.41,-50.03,2012-07-09T21:11:40.37,,
GRB 120711A,94.6785,-70.99911,2012-07-11T02:44:48,,1.451
GRB 120711B,331.69137,60.02267,2012-07-11T03:11:02.58,0.000000558,
GRB 120712A,169.5885,-20.03372,2012-07-12T13:42:27,0.00000184,4.1745
GRB 120714A,167.98289,-30.6273,2012-07-14T07:46:46,0.000000864,
GRB 120714B,355.40864,-46.18387,2012-07-14T21:18:46.57,0.0000012,0.3984
GRB 120716A,313.05071,9.59831,2012-07-16T17:05:04,,2.486
GRB 120722A,230.4966,13.2513,2012-07-22T12:53:26,0.00000129,0.9586
GRB 120724A,245.18062,3.50772,2012-07-24T06:39:02,0.000000732,1.48
GRB 120728A,137.09425,-54.43736,2012-07-28T22:25:11,0.00000242,
GRB 120729A,13.07431,49.93974,2012-07-29T10:56:14,0.00000252,0.8
GRB 120802A,44.84258,13.76835,2012-08-02T08:00:51,0.00000186,3.796
GRB 120803A,269.514,-6.7628,2012-08-03T07:22:16,0.000000282,
GRB 120803B,314.23525,53.304,2012-08-03T11:06:06,0.00000223,
GRB 120804A,233.94788,-28.78242,2012-08-04T00:54:14,0.000000877,
GRB 120805A,216.538,5.82547,2012-08-05T21:28:09,0.000000822,
GRB 120807A,241.26016,-47.47972,2012-08-07T07:09:37,0.00000029,
GRB 120811A,257.16542,-22.71054,2012-08-11T02:35:18,0.00000105,
GRB 120811C,199.68263,62.30072,2012-08-11T15:34:52,0.00000302,2.671
GRB 120815A,273.95758,-52.13114,2012-08-15T02:13:58,0.000000494,2.358
GRB 120816A,282.14359,-6.93788,2012-08-16T19:18:34,0.000000432,
GRB 120817A,250.69133,-38.35344,2012-08-17T06:49:42,0.000000691,
GRB 120817B,8.31,-26.428,2012-08-17T04:02:30,,
GRB 120819A,235.90767,-7.30914,2012-08-19T13:10:14,0.0000014,3
GRB 120821A,255.2692,-40.5212,2012-08-21T13:23:45,,
GRB 120830A,88.649,-28.984,2012-08-30T07:07:03.53,,
GRB 120907A,74.75002,-9.31501,2012-09-07T00:24:23,0.000000613,0.97
GRB 120908A,230.64,-25.79,2012-09-08T22:31:00.02,,
GRB 120909A,275.73633,-59.44836,2012-09-09T01:42:03,,3.93
GRB 120911A,357.97938,63.09879,2012-09-11T07:08:33,0.00000108,
GRB 120913A,146.4,26.959,2012-09-13T20:18:21,0.000000869,
GRB 120913B,213.66025,-14.51589,2012-09-13T23:55:58,0.0000106,
GRB 120918A,181.042,-32.762,2012-09-18T11:16:10,0.00000368,
GRB 120919A,214.768,-45.564,2012-09-19T07:24:41.98,,
GRB 120922A,234.7485,-20.18172,2012-09-22T22:30:28,0.0000056,3.1
GRB 120923A,303.79492,6.22119,2012-09-23T05:16:06,0.000000324,8
GRB 120927A,136.61375,0.41618,2012-09-27T22:40:46,0.00000263,
GRB 121001A,276.03267,-5.66536,2012-10-01T18:23:02,0.00000172,
GRB 121011A,260.21342,41.11039,2012-10-11T11:15:30,0.00000239,
GRB 121014A,166.645,-29.105,2012-10-14T20:11:56,0.00000101,
GRB 121017A,288.83007,-1.60453,2012-10-17T19:23:28,0.000000619,
GRB 121024A,70.47208,-12.29069,2012-10-24T02:56:12,0.00000108,2.298
GRB 121025A,248.38182,27.67189,2012-10-25T07:46:30,,
GRB 121027A,63.59767,-58.82983,2012-10-27T07:32:29,0.00000223,1.773
GRB 121028A,271.89948,-2.29358,2012-10-28T05:04:31,0.000000318,
GRB 121031A,170.77019,-3.51704,2012-10-31T22:50:30,0.00000783,
GRB 121102A,270.90091,-16.9579,2012-11-02T02:27:02,0.00000194,
GRB 121108A,83.19407,54.47351,2012-11-08T17:47:39,0.000000962,
GRB 121117A,31.61075,7.4195,2012-11-17T08:50:56,0.0000014,
GRB 121123A,307.31792,-11.85989,2012-11-23T10:02:41,0.0000132,2.7
GRB 121125A,228.5274,55.31332,2012-11-25T08:32:27,0.00000472,
GRB 121128A,300.6,54.29974,2012-11-28T05:05:37,0.00000689,2.2
GRB 121201A,13.46732,-42.94292,2012-12-01T12:25:42,0.000000687,3.385
GRB 121202A,256.79691,23.94822,2012-12-02T04:20:05,0.00000113,
GRB 121209A,326.78719,-8.2353,2012-12-09T21:59:11,0.00000275,1.7
GRB 121211A,195.53328,30.14849,2012-12-11T13:47:02,0.00000133,1.023
GRB 121212A,177.79333,78.03758,2012-12-12T06:56:13,0.000000139,2
GRB 121217A,153.71003,-62.35098,2012-12-17T07:17:47,0.00000593,3
GRB 121226A,168.64217,-30.40636,2012-12-26T19:09:43,0.000000145,
GRB 121229A,190.10121,-50.5943,2012-12-29T05:00:21,0.00000083,2.707